<Workspace>
  <archivedComponents>
    <Component>
      <className>org.simbrain.world.odorworld.OdorWorldComponent</className>
      <name>fourObjectsDist.xml</name>
      <uri>components/0_fourObjectsDist.xml.xml</uri>
      <id>0</id>
      <format>xml</format>
      <desktopComponent>
        <className>org.simbrain.world.odorworld.OdorWorldDesktopComponent</className>
        <uri>guis/0_fourObjectsDist.xml.xml</uri>
        <format>xml</format>
      </desktopComponent>
    </Component>
    <Component>
      <className>org.simbrain.network.NetworkComponent</className>
      <name>Network1</name>
      <uri>components/1_Network1.xml</uri>
      <id>1</id>
      <format>xml</format>
      <desktopComponent>
        <className>org.simbrain.network.desktop.NetworkDesktopComponent</className>
        <uri>guis/1_Network1.xml</uri>
        <format>xml</format>
      </desktopComponent>
    </Component>
  </archivedComponents>
  <archivedCouplings>
    <Coupling>
      <archivedProducer>
        <parentComponentRef>components/0_fourObjectsDist.xml.xml</parentComponentRef>
        <baseObjectKey>Agent_1:sensor:Sensor_2</baseObjectKey>
        <methodBaseName>getCurrentValue</methodBaseName>
        <dataType>double</dataType>
        <argumentDataTypes>
          <java-class>int</java-class>
        </argumentDataTypes>
        <argumentValues>
          <int>0</int>
        </argumentValues>
        <description>Agent_1:Smell-Center-1</description>
      </archivedProducer>
      <archivedConsumer>
        <parentComponentRef>components/1_Network1.xml</parentComponentRef>
        <baseObjectKey>Neuron_5</baseObjectKey>
        <methodBaseName>setInputValue</methodBaseName>
        <dataType>double</dataType>
        <argumentDataTypes>
          <java-class>double</java-class>
        </argumentDataTypes>
        <description>Neuron_5:setInputValue &lt;double&gt;</description>
      </archivedConsumer>
    </Coupling>
    <Coupling>
      <archivedProducer>
        <parentComponentRef>components/0_fourObjectsDist.xml.xml</parentComponentRef>
        <baseObjectKey>Agent_1:sensor:Sensor_2</baseObjectKey>
        <methodBaseName>getCurrentValue</methodBaseName>
        <dataType>double</dataType>
        <argumentDataTypes>
          <java-class>int</java-class>
        </argumentDataTypes>
        <argumentValues>
          <int>1</int>
        </argumentValues>
        <description>Agent_1:Smell-Center-2</description>
      </archivedProducer>
      <archivedConsumer>
        <parentComponentRef>components/1_Network1.xml</parentComponentRef>
        <baseObjectKey>Neuron_6</baseObjectKey>
        <methodBaseName>setInputValue</methodBaseName>
        <dataType>double</dataType>
        <argumentDataTypes>
          <java-class>double</java-class>
        </argumentDataTypes>
        <description>Neuron_6:setInputValue &lt;double&gt;</description>
      </archivedConsumer>
    </Coupling>
    <Coupling>
      <archivedProducer>
        <parentComponentRef>components/0_fourObjectsDist.xml.xml</parentComponentRef>
        <baseObjectKey>Agent_1:sensor:Sensor_2</baseObjectKey>
        <methodBaseName>getCurrentValue</methodBaseName>
        <dataType>double</dataType>
        <argumentDataTypes>
          <java-class>int</java-class>
        </argumentDataTypes>
        <argumentValues>
          <int>2</int>
        </argumentValues>
        <description>Agent_1:Smell-Center-3</description>
      </archivedProducer>
      <archivedConsumer>
        <parentComponentRef>components/1_Network1.xml</parentComponentRef>
        <baseObjectKey>Neuron_7</baseObjectKey>
        <methodBaseName>setInputValue</methodBaseName>
        <dataType>double</dataType>
        <argumentDataTypes>
          <java-class>double</java-class>
        </argumentDataTypes>
        <description>Neuron_7:setInputValue &lt;double&gt;</description>
      </archivedConsumer>
    </Coupling>
    <Coupling>
      <archivedProducer>
        <parentComponentRef>components/0_fourObjectsDist.xml.xml</parentComponentRef>
        <baseObjectKey>Agent_1:sensor:Sensor_2</baseObjectKey>
        <methodBaseName>getCurrentValue</methodBaseName>
        <dataType>double</dataType>
        <argumentDataTypes>
          <java-class>int</java-class>
        </argumentDataTypes>
        <argumentValues>
          <int>3</int>
        </argumentValues>
        <description>Agent_1:Smell-Center-4</description>
      </archivedProducer>
      <archivedConsumer>
        <parentComponentRef>components/1_Network1.xml</parentComponentRef>
        <baseObjectKey>Neuron_8</baseObjectKey>
        <methodBaseName>setInputValue</methodBaseName>
        <dataType>double</dataType>
        <argumentDataTypes>
          <java-class>double</java-class>
        </argumentDataTypes>
        <description>Neuron_8:setInputValue &lt;double&gt;</description>
      </archivedConsumer>
    </Coupling>
  </archivedCouplings>
  <workspaceParameters>
    <updateDelay>0</updateDelay>
  </workspaceParameters>
</Workspace>