<org.simbrain.world.odorworld.OdorWorld>
  <entityList>
    <org.simbrain.world.odorworld.entities.RotatingEntity>
      <animation>
        <imageNames>
          <string>rotating/arno/nw0000.png</string>
          <string>rotating/arno/nw0001.png</string>
          <string>rotating/arno/nw0002.png</string>
          <string>rotating/arno/nw0003.png</string>
          <string>rotating/arno/nw0004.png</string>
          <string>rotating/arno/nw0005.png</string>
          <string>rotating/arno/nw0006.png</string>
          <string>rotating/arno/nw0007.png</string>
        </imageNames>
        <animTime>248</animTime>
        <totalDuration>335</totalDuration>
      </animation>
      <name>Arnold</name>
      <id>Entity_1</id>
      <x>156.58994</x>
      <y>302.24365</y>
      <dx>0.0</dx>
      <dy>0.0</dy>
      <parentWorld reference="../../.."/>
      <sensors>
        <org.simbrain.world.odorworld.sensors.SmellSensor>
          <parent class="org.simbrain.world.odorworld.entities.RotatingEntity" reference="../../.."/>
          <id>Sensor_1</id>
          <label>Smell-Left</label>
          <DEFAULT__RADIUS>23.0</DEFAULT__RADIUS>
          <theta>0.39269908169872414</theta>
          <radius>50.0</radius>
          <currentValue>
            <double>0.0</double>
            <double>20.166666666666664</double>
            <double>0.0</double>
            <double>0.0</double>
            <double>0.0</double>
          </currentValue>
        </org.simbrain.world.odorworld.sensors.SmellSensor>
        <org.simbrain.world.odorworld.sensors.SmellSensor>
          <parent class="org.simbrain.world.odorworld.entities.RotatingEntity" reference="../../.."/>
          <id>Sensor_2</id>
          <label>Smell-Center</label>
          <DEFAULT__RADIUS>23.0</DEFAULT__RADIUS>
          <theta>0.0</theta>
          <radius>0.0</radius>
          <currentValue>
            <double>0.0</double>
            <double>13.833333333333334</double>
            <double>0.0</double>
            <double>0.0</double>
            <double>0.0</double>
          </currentValue>
        </org.simbrain.world.odorworld.sensors.SmellSensor>
        <org.simbrain.world.odorworld.sensors.SmellSensor>
          <parent class="org.simbrain.world.odorworld.entities.RotatingEntity" reference="../../.."/>
          <id>Sensor_3</id>
          <label>Smell-Right</label>
          <DEFAULT__RADIUS>23.0</DEFAULT__RADIUS>
          <theta>-0.39269908169872414</theta>
          <radius>50.0</radius>
          <currentValue>
            <double>0.0</double>
            <double>20.333333333333332</double>
            <double>0.0</double>
            <double>0.0</double>
            <double>0.0</double>
          </currentValue>
        </org.simbrain.world.odorworld.sensors.SmellSensor>
      </sensors>
      <effectors/>
      <behavior class="org.simbrain.world.odorworld.behaviors.StationaryBehavior"/>
      <collision>true</collision>
      <sensorsEnabled>true</sensorsEnabled>
      <effectorsEnabled>true</effectorsEnabled>
      <showSensors>true</showSensors>
      <sensorIDGenerator>
        <rootName>Sensor</rootName>
        <index>4</index>
      </sensorIDGenerator>
      <effectorIDGenerator>
        <rootName>Effector</rootName>
        <index>1</index>
      </effectorIDGenerator>
      <heading>122.66666666666669</heading>
      <manualMotionTurnIncrement>4.0</manualMotionTurnIncrement>
      <manualStraightMovementIncrement>4.0</manualStraightMovementIncrement>
      <entityType>Arnold</entityType>
    </org.simbrain.world.odorworld.entities.RotatingEntity>
    <org.simbrain.world.odorworld.entities.RotatingEntity>
      <animation>
        <imageNames>
          <string>rotating/amy/ne0000.png</string>
          <string>rotating/amy/ne0001.png</string>
          <string>rotating/amy/ne0002.png</string>
          <string>rotating/amy/ne0003.png</string>
          <string>rotating/amy/ne0004.png</string>
          <string>rotating/amy/ne0005.png</string>
          <string>rotating/amy/ne0006.png</string>
          <string>rotating/amy/ne0007.png</string>
        </imageNames>
        <animTime>182</animTime>
        <totalDuration>335</totalDuration>
      </animation>
      <name>Agent_2</name>
      <id>Entity_8</id>
      <x>120.0</x>
      <y>245.0</y>
      <dx>0.0</dx>
      <dy>0.0</dy>
      <parentWorld reference="../../.."/>
      <sensors>
        <org.simbrain.world.odorworld.sensors.SmellSensor>
          <parent class="org.simbrain.world.odorworld.entities.RotatingEntity" reference="../../.."/>
          <id>Sensor_1</id>
          <label>Smell-Left</label>
          <DEFAULT__RADIUS>23.0</DEFAULT__RADIUS>
          <theta>0.39269908169872414</theta>
          <radius>50.0</radius>
          <currentValue>
            <double>5.333333333333334</double>
            <double>0.0</double>
            <double>0.0</double>
            <double>0.0</double>
            <double>0.0</double>
          </currentValue>
        </org.simbrain.world.odorworld.sensors.SmellSensor>
        <org.simbrain.world.odorworld.sensors.SmellSensor>
          <parent class="org.simbrain.world.odorworld.entities.RotatingEntity" reference="../../.."/>
          <id>Sensor_2</id>
          <label>Smell-Center</label>
          <DEFAULT__RADIUS>23.0</DEFAULT__RADIUS>
          <theta>0.0</theta>
          <radius>0.0</radius>
          <currentValue>
            <double>0.0</double>
            <double>0.0</double>
            <double>0.0</double>
            <double>0.0</double>
            <double>0.0</double>
          </currentValue>
        </org.simbrain.world.odorworld.sensors.SmellSensor>
        <org.simbrain.world.odorworld.sensors.SmellSensor>
          <parent class="org.simbrain.world.odorworld.entities.RotatingEntity" reference="../../.."/>
          <id>Sensor_3</id>
          <label>Smell-Right</label>
          <DEFAULT__RADIUS>23.0</DEFAULT__RADIUS>
          <theta>-0.39269908169872414</theta>
          <radius>50.0</radius>
          <currentValue>
            <double>0.0</double>
            <double>0.0</double>
            <double>0.0</double>
            <double>0.0</double>
            <double>0.0</double>
          </currentValue>
        </org.simbrain.world.odorworld.sensors.SmellSensor>
      </sensors>
      <effectors/>
      <behavior class="org.simbrain.world.odorworld.behaviors.StationaryBehavior"/>
      <smellSource>
        <stimulusVector>
          <double>0.0</double>
          <double>25.0</double>
        </stimulusVector>
        <returnVector reference="../stimulusVector"/>
        <location>
          <double>234.0</double>
          <double>291.0</double>
        </location>
        <decayFunction>LINEAR</decayFunction>
        <stimulusDispersion>150.0</stimulusDispersion>
        <peak>0.0</peak>
        <addNoise>false</addNoise>
        <initNoise>0.3</initNoise>
        <noiseLevel>0.3</noiseLevel>
      </smellSource>
      <collision>false</collision>
      <sensorsEnabled>true</sensorsEnabled>
      <effectorsEnabled>true</effectorsEnabled>
      <showSensors>true</showSensors>
      <sensorIDGenerator>
        <rootName>Sensor</rootName>
        <index>4</index>
      </sensorIDGenerator>
      <effectorIDGenerator>
        <rootName>Effector</rootName>
        <index>1</index>
      </effectorIDGenerator>
      <heading>10.0</heading>
      <manualMotionTurnIncrement>4.0</manualMotionTurnIncrement>
      <manualStraightMovementIncrement>4.0</manualStraightMovementIncrement>
      <entityType>Amy</entityType>
    </org.simbrain.world.odorworld.entities.RotatingEntity>
    <org.simbrain.world.odorworld.entities.RotatingEntity>
      <animation>
        <imageNames>
          <string>rotating/susi/se0000.png</string>
          <string>rotating/susi/se0001.png</string>
          <string>rotating/susi/se0002.png</string>
          <string>rotating/susi/se0003.png</string>
          <string>rotating/susi/se0004.png</string>
          <string>rotating/susi/se0005.png</string>
          <string>rotating/susi/se0006.png</string>
          <string>rotating/susi/se0007.png</string>
        </imageNames>
        <animTime>182</animTime>
        <totalDuration>335</totalDuration>
      </animation>
      <name>Agent_3</name>
      <id>Entity_9</id>
      <x>175.0</x>
      <y>100.0</y>
      <dx>0.0</dx>
      <dy>0.0</dy>
      <parentWorld reference="../../.."/>
      <sensors>
        <org.simbrain.world.odorworld.sensors.SmellSensor>
          <parent class="org.simbrain.world.odorworld.entities.RotatingEntity" reference="../../.."/>
          <id>Sensor_1</id>
          <label>Smell-Left</label>
          <DEFAULT__RADIUS>23.0</DEFAULT__RADIUS>
          <theta>0.39269908169872414</theta>
          <radius>50.0</radius>
          <currentValue>
            <double>0.0</double>
            <double>3.166666666666667</double>
            <double>0.0</double>
            <double>0.0</double>
            <double>0.0</double>
          </currentValue>
        </org.simbrain.world.odorworld.sensors.SmellSensor>
        <org.simbrain.world.odorworld.sensors.SmellSensor>
          <parent class="org.simbrain.world.odorworld.entities.RotatingEntity" reference="../../.."/>
          <id>Sensor_2</id>
          <label>Smell-Center</label>
          <DEFAULT__RADIUS>23.0</DEFAULT__RADIUS>
          <theta>0.0</theta>
          <radius>0.0</radius>
          <currentValue>
            <double>0.0</double>
            <double>0.0</double>
            <double>0.0</double>
            <double>0.0</double>
            <double>0.0</double>
          </currentValue>
        </org.simbrain.world.odorworld.sensors.SmellSensor>
        <org.simbrain.world.odorworld.sensors.SmellSensor>
          <parent class="org.simbrain.world.odorworld.entities.RotatingEntity" reference="../../.."/>
          <id>Sensor_3</id>
          <label>Smell-Right</label>
          <DEFAULT__RADIUS>23.0</DEFAULT__RADIUS>
          <theta>-0.39269908169872414</theta>
          <radius>50.0</radius>
          <currentValue>
            <double>0.0</double>
            <double>7.5</double>
            <double>0.0</double>
            <double>0.0</double>
            <double>0.0</double>
          </currentValue>
        </org.simbrain.world.odorworld.sensors.SmellSensor>
      </sensors>
      <effectors/>
      <behavior class="org.simbrain.world.odorworld.behaviors.StationaryBehavior"/>
      <smellSource>
        <stimulusVector>
          <double>25.0</double>
          <double>0.0</double>
        </stimulusVector>
        <returnVector reference="../stimulusVector"/>
        <location>
          <double>8.0</double>
          <double>-4.0</double>
        </location>
        <decayFunction>LINEAR</decayFunction>
        <stimulusDispersion>150.0</stimulusDispersion>
        <peak>0.0</peak>
        <addNoise>false</addNoise>
        <initNoise>0.3</initNoise>
        <noiseLevel>0.3</noiseLevel>
      </smellSource>
      <collision>false</collision>
      <sensorsEnabled>true</sensorsEnabled>
      <effectorsEnabled>true</effectorsEnabled>
      <showSensors>true</showSensors>
      <sensorIDGenerator>
        <rootName>Sensor</rootName>
        <index>4</index>
      </sensorIDGenerator>
      <effectorIDGenerator>
        <rootName>Effector</rootName>
        <index>1</index>
      </effectorIDGenerator>
      <heading>280.0</heading>
      <manualMotionTurnIncrement>4.0</manualMotionTurnIncrement>
      <manualStraightMovementIncrement>4.0</manualStraightMovementIncrement>
      <entityType>Susi</entityType>
    </org.simbrain.world.odorworld.entities.RotatingEntity>
  </entityList>
  <totalSmellVectorLength>50.0</totalSmellVectorLength>
  <wrapAround>true</wrapAround>
  <objectsBlockMovement>true</objectsBlockMovement>
  <height>439</height>
  <width>404</width>
  <entityIDGenerator>
    <rootName>Entity</rootName>
    <index>10</index>
  </entityIDGenerator>
  <agentNameGenerator>
    <rootName>Agent</rootName>
    <index>4</index>
  </agentNameGenerator>
</org.simbrain.world.odorworld.OdorWorld>