<Workspace>
  <archivedComponents>
    <Component>
      <className>org.simbrain.world.odorworld.OdorWorldComponent</className>
      <name>fourObjectsLocal.xml</name>
      <uri>components/0_fourObjectsLocal.xml.xml</uri>
      <id>0</id>
      <format>xml</format>
      <desktopComponent>
        <className>org.simbrain.world.odorworld.OdorWorldDesktopComponent</className>
        <uri>guis/0_fourObjectsLocal.xml.xml</uri>
        <format>xml</format>
      </desktopComponent>
    </Component>
    <Component>
      <className>org.simbrain.network.NetworkComponent</className>
      <name>vehicle_basic.xml</name>
      <uri>components/1_vehicle_basic.xml.xml</uri>
      <id>1</id>
      <format>xml</format>
      <desktopComponent>
        <className>org.simbrain.network.desktop.NetworkDesktopComponent</className>
        <uri>guis/1_vehicle_basic.xml.xml</uri>
        <format>xml</format>
      </desktopComponent>
    </Component>
  </archivedComponents>
  <archivedCouplings>
    <Coupling>
      <archivedProducer>
        <parentComponentRef>components/0_fourObjectsLocal.xml.xml</parentComponentRef>
        <baseObjectKey>Agent_1:sensor:Sensor_1</baseObjectKey>
        <methodBaseName>getCurrentValue</methodBaseName>
        <dataType>double</dataType>
        <argumentDataTypes>
          <java-class>int</java-class>
        </argumentDataTypes>
        <argumentValues>
          <int>0</int>
        </argumentValues>
        <description>Agent_1:Smell-Left-1</description>
      </archivedProducer>
      <archivedConsumer>
        <parentComponentRef>components/1_vehicle_basic.xml.xml</parentComponentRef>
        <baseObjectKey>Neuron_4</baseObjectKey>
        <methodBaseName>setInputValue</methodBaseName>
        <dataType>double</dataType>
        <argumentDataTypes>
          <java-class>double</java-class>
        </argumentDataTypes>
        <description>Neuron_4:setInputValue &lt;double&gt;</description>
      </archivedConsumer>
    </Coupling>
    <Coupling>
      <archivedProducer>
        <parentComponentRef>components/0_fourObjectsLocal.xml.xml</parentComponentRef>
        <baseObjectKey>Agent_1:sensor:Sensor_3</baseObjectKey>
        <methodBaseName>getCurrentValue</methodBaseName>
        <dataType>double</dataType>
        <argumentDataTypes>
          <java-class>int</java-class>
        </argumentDataTypes>
        <argumentValues>
          <int>0</int>
        </argumentValues>
        <description>Agent_1:Smell-Right-1</description>
      </archivedProducer>
      <archivedConsumer>
        <parentComponentRef>components/1_vehicle_basic.xml.xml</parentComponentRef>
        <baseObjectKey>Neuron_5</baseObjectKey>
        <methodBaseName>setInputValue</methodBaseName>
        <dataType>double</dataType>
        <argumentDataTypes>
          <java-class>double</java-class>
        </argumentDataTypes>
        <description>Neuron_5:setInputValue &lt;double&gt;</description>
      </archivedConsumer>
    </Coupling>
    <Coupling>
      <archivedProducer>
        <parentComponentRef>components/0_fourObjectsLocal.xml.xml</parentComponentRef>
        <baseObjectKey>Agent_1:sensor:Sensor_1</baseObjectKey>
        <methodBaseName>getCurrentValue</methodBaseName>
        <dataType>double</dataType>
        <argumentDataTypes>
          <java-class>int</java-class>
        </argumentDataTypes>
        <argumentValues>
          <int>1</int>
        </argumentValues>
        <description>Agent_1:Smell-Left-2</description>
      </archivedProducer>
      <archivedConsumer>
        <parentComponentRef>components/1_vehicle_basic.xml.xml</parentComponentRef>
        <baseObjectKey>Neuron_8</baseObjectKey>
        <methodBaseName>setInputValue</methodBaseName>
        <dataType>double</dataType>
        <argumentDataTypes>
          <java-class>double</java-class>
        </argumentDataTypes>
        <description>Neuron_8:setInputValue &lt;double&gt;</description>
      </archivedConsumer>
    </Coupling>
    <Coupling>
      <archivedProducer>
        <parentComponentRef>components/0_fourObjectsLocal.xml.xml</parentComponentRef>
        <baseObjectKey>Agent_1:sensor:Sensor_3</baseObjectKey>
        <methodBaseName>getCurrentValue</methodBaseName>
        <dataType>double</dataType>
        <argumentDataTypes>
          <java-class>int</java-class>
        </argumentDataTypes>
        <argumentValues>
          <int>1</int>
        </argumentValues>
        <description>Agent_1:Smell-Right-2</description>
      </archivedProducer>
      <archivedConsumer>
        <parentComponentRef>components/1_vehicle_basic.xml.xml</parentComponentRef>
        <baseObjectKey>Neuron_7</baseObjectKey>
        <methodBaseName>setInputValue</methodBaseName>
        <dataType>double</dataType>
        <argumentDataTypes>
          <java-class>double</java-class>
        </argumentDataTypes>
        <description>Neuron_7:setInputValue &lt;double&gt;</description>
      </archivedConsumer>
    </Coupling>
    <Coupling>
      <archivedProducer>
        <parentComponentRef>components/1_vehicle_basic.xml.xml</parentComponentRef>
        <baseObjectKey>Neuron_1</baseObjectKey>
        <methodBaseName>getActivation</methodBaseName>
        <dataType>double</dataType>
        <description>Neuron_1:getActivation &lt;double&gt;</description>
      </archivedProducer>
      <archivedConsumer>
        <parentComponentRef>components/0_fourObjectsLocal.xml.xml</parentComponentRef>
        <baseObjectKey>Entity_11</baseObjectKey>
        <methodBaseName>turnLeft</methodBaseName>
        <dataType>double</dataType>
        <argumentDataTypes>
          <java-class>double</java-class>
        </argumentDataTypes>
        <description>Agent_1:turnLeft</description>
      </archivedConsumer>
    </Coupling>
    <Coupling>
      <archivedProducer>
        <parentComponentRef>components/1_vehicle_basic.xml.xml</parentComponentRef>
        <baseObjectKey>Neuron_6</baseObjectKey>
        <methodBaseName>getActivation</methodBaseName>
        <dataType>double</dataType>
        <description>Neuron_6:getActivation &lt;double&gt;</description>
      </archivedProducer>
      <archivedConsumer>
        <parentComponentRef>components/0_fourObjectsLocal.xml.xml</parentComponentRef>
        <baseObjectKey>Entity_11</baseObjectKey>
        <methodBaseName>goStraight</methodBaseName>
        <dataType>double</dataType>
        <argumentDataTypes>
          <java-class>double</java-class>
        </argumentDataTypes>
        <description>Agent_1:goStraight</description>
      </archivedConsumer>
    </Coupling>
    <Coupling>
      <archivedProducer>
        <parentComponentRef>components/1_vehicle_basic.xml.xml</parentComponentRef>
        <baseObjectKey>Neuron_3</baseObjectKey>
        <methodBaseName>getActivation</methodBaseName>
        <dataType>double</dataType>
        <description>Neuron_3:getActivation &lt;double&gt;</description>
      </archivedProducer>
      <archivedConsumer>
        <parentComponentRef>components/0_fourObjectsLocal.xml.xml</parentComponentRef>
        <baseObjectKey>Entity_11</baseObjectKey>
        <methodBaseName>turnRight</methodBaseName>
        <dataType>double</dataType>
        <argumentDataTypes>
          <java-class>double</java-class>
        </argumentDataTypes>
        <description>Agent_1:turnRight</description>
      </archivedConsumer>
    </Coupling>
  </archivedCouplings>
  <workspaceParameters>
    <updateDelay>0</updateDelay>
  </workspaceParameters>
</Workspace>