<org.simbrain.network.interfaces.RootNetwork>
  <time>2886.0</time>
  <timeStep>0.01</timeStep>
  <clampWeights>false</clampWeights>
  <clampNeurons>false</clampNeurons>
  <timeType>DISCRETE</timeType>
  <updateMethod class="org.simbrain.network.interfaces.RootNetwork$UpdateMethod">BUFFERED</updateMethod>
  <textList/>
  <prioritySortedNeuronList/>
  <priorityComparator>
    <outer-class reference="../.."/>
  </priorityComparator>
  <networkIdGenerator>
    <rootName>Network</rootName>
    <index>2</index>
  </networkIdGenerator>
  <neuronIdGenerator>
    <rootName>Neuron</rootName>
    <index>9</index>
  </neuronIdGenerator>
  <synapseIdGenerator>
    <rootName>Synapse</rootName>
    <index>17</index>
  </synapseIdGenerator>
  <groupIdGenerator>
    <rootName>Group</rootName>
    <index>1</index>
  </groupIdGenerator>
  <rootNetwork reference=".."/>
  <id>Network1</id>
  <neuronList>
    <org.simbrain.network.interfaces.Neuron>
      <updateRule class="org.simbrain.network.neurons.LinearNeuron">
        <slope>1.0</slope>
        <bias>0.0</bias>
        <noiseGenerator>
          <distributionIndex>0</distributionIndex>
          <upperBound>1.0</upperBound>
          <lowerBound>-1.0</lowerBound>
          <mean>0.5</mean>
          <standardDeviation>0.5</standardDeviation>
          <clipping>false</clipping>
          <randomGenerator serialization="custom">
            <java.util.Random>
              <default>
                <seed>130046349534400</seed>
                <nextNextGaussian>0.0</nextNextGaussian>
                <haveNextNextGaussian>false</haveNextNextGaussian>
              </default>
            </java.util.Random>
          </randomGenerator>
        </noiseGenerator>
        <addNoise>false</addNoise>
        <clipping>true</clipping>
      </updateRule>
      <id>Neuron_5</id>
      <label></label>
      <activation>0.0</activation>
      <lowerBound>-1.0</lowerBound>
      <upperBound>1.0</upperBound>
      <increment>0.1</increment>
      <buffer>0.0</buffer>
      <inputValue>0.0</inputValue>
      <parent class="org.simbrain.network.interfaces.RootNetwork" reference="../../.."/>
      <x>96.47410732511001</x>
      <y>202.37147887323937</y>
      <clamped>false</clamped>
      <targetValue>0.0</targetValue>
      <updatePriority>0</updatePriority>
    </org.simbrain.network.interfaces.Neuron>
    <org.simbrain.network.interfaces.Neuron>
      <updateRule class="org.simbrain.network.neurons.LinearNeuron">
        <slope>1.0</slope>
        <bias>0.0</bias>
        <noiseGenerator>
          <distributionIndex>0</distributionIndex>
          <upperBound>1.0</upperBound>
          <lowerBound>-1.0</lowerBound>
          <mean>0.5</mean>
          <standardDeviation>0.5</standardDeviation>
          <clipping>false</clipping>
          <randomGenerator serialization="custom">
            <java.util.Random>
              <default>
                <seed>130047221173955</seed>
                <nextNextGaussian>0.0</nextNextGaussian>
                <haveNextNextGaussian>false</haveNextNextGaussian>
              </default>
            </java.util.Random>
          </randomGenerator>
        </noiseGenerator>
        <addNoise>false</addNoise>
        <clipping>true</clipping>
      </updateRule>
      <id>Neuron_6</id>
      <label></label>
      <activation>0.0</activation>
      <lowerBound>-1.0</lowerBound>
      <upperBound>1.0</upperBound>
      <increment>0.1</increment>
      <buffer>0.0</buffer>
      <inputValue>0.0</inputValue>
      <parent class="org.simbrain.network.interfaces.RootNetwork" reference="../../.."/>
      <x>141.76907276995323</x>
      <y>201.7241674685795</y>
      <clamped>false</clamped>
      <targetValue>0.0</targetValue>
      <updatePriority>0</updatePriority>
    </org.simbrain.network.interfaces.Neuron>
    <org.simbrain.network.interfaces.Neuron>
      <updateRule class="org.simbrain.network.neurons.LinearNeuron">
        <slope>1.0</slope>
        <bias>0.0</bias>
        <noiseGenerator>
          <distributionIndex>0</distributionIndex>
          <upperBound>1.0</upperBound>
          <lowerBound>-1.0</lowerBound>
          <mean>0.5</mean>
          <standardDeviation>0.5</standardDeviation>
          <clipping>false</clipping>
          <randomGenerator serialization="custom">
            <java.util.Random>
              <default>
                <seed>130047071713242</seed>
                <nextNextGaussian>0.0</nextNextGaussian>
                <haveNextNextGaussian>false</haveNextNextGaussian>
              </default>
            </java.util.Random>
          </randomGenerator>
        </noiseGenerator>
        <addNoise>false</addNoise>
        <clipping>true</clipping>
      </updateRule>
      <id>Neuron_7</id>
      <label></label>
      <activation>0.0</activation>
      <lowerBound>-1.0</lowerBound>
      <upperBound>1.0</upperBound>
      <increment>0.1</increment>
      <buffer>0.0</buffer>
      <inputValue>0.0</inputValue>
      <parent class="org.simbrain.network.interfaces.RootNetwork" reference="../../.."/>
      <x>187.34103351996052</x>
      <y>202.29636150234734</y>
      <clamped>false</clamped>
      <targetValue>0.0</targetValue>
      <updatePriority>0</updatePriority>
    </org.simbrain.network.interfaces.Neuron>
    <org.simbrain.network.interfaces.Neuron>
      <updateRule class="org.simbrain.network.neurons.LinearNeuron">
        <slope>1.0</slope>
        <bias>0.0</bias>
        <noiseGenerator>
          <distributionIndex>0</distributionIndex>
          <upperBound>1.0</upperBound>
          <lowerBound>-1.0</lowerBound>
          <mean>0.5</mean>
          <standardDeviation>0.5</standardDeviation>
          <clipping>false</clipping>
          <randomGenerator serialization="custom">
            <java.util.Random>
              <default>
                <seed>130046845497773</seed>
                <nextNextGaussian>0.0</nextNextGaussian>
                <haveNextNextGaussian>false</haveNextNextGaussian>
              </default>
            </java.util.Random>
          </randomGenerator>
        </noiseGenerator>
        <addNoise>false</addNoise>
        <clipping>true</clipping>
      </updateRule>
      <id>Neuron_8</id>
      <label></label>
      <activation>0.0</activation>
      <lowerBound>-1.0</lowerBound>
      <upperBound>1.0</upperBound>
      <increment>0.1</increment>
      <buffer>0.0</buffer>
      <inputValue>0.0</inputValue>
      <parent class="org.simbrain.network.interfaces.RootNetwork" reference="../../.."/>
      <x>231.76907276995317</x>
      <y>202.29636150234734</y>
      <clamped>false</clamped>
      <targetValue>0.0</targetValue>
      <updatePriority>0</updatePriority>
    </org.simbrain.network.interfaces.Neuron>
  </neuronList>
  <synapseList>
    <org.simbrain.network.interfaces.Synapse>
      <parentNetwork class="org.simbrain.network.interfaces.RootNetwork" reference="../../.."/>
      <source reference="../../../neuronList/org.simbrain.network.interfaces.Neuron[2]"/>
      <target>
        <updateRule class="org.simbrain.network.neurons.LinearNeuron">
          <slope>1.0</slope>
          <bias>0.0</bias>
          <noiseGenerator>
            <distributionIndex>0</distributionIndex>
            <upperBound>1.0</upperBound>
            <lowerBound>-1.0</lowerBound>
            <mean>0.5</mean>
            <standardDeviation>0.5</standardDeviation>
            <clipping>false</clipping>
            <randomGenerator serialization="custom">
              <java.util.Random>
                <default>
                  <seed>130048483701206</seed>
                  <nextNextGaussian>0.0</nextNextGaussian>
                  <haveNextNextGaussian>false</haveNextNextGaussian>
                </default>
              </java.util.Random>
            </randomGenerator>
          </noiseGenerator>
          <addNoise>false</addNoise>
          <clipping>true</clipping>
        </updateRule>
        <id>Neuron_3</id>
        <label></label>
        <activation>0.0</activation>
        <lowerBound>-1.0</lowerBound>
        <upperBound>1.0</upperBound>
        <increment>0.1</increment>
        <buffer>0.0</buffer>
        <inputValue>0.0</inputValue>
        <parent class="org.simbrain.network.interfaces.RootNetwork" reference="../../../.."/>
        <x>180.0</x>
        <y>100.0</y>
        <clamped>false</clamped>
        <targetValue>0.0</targetValue>
        <updatePriority>0</updatePriority>
      </target>
      <learningRule class="org.simbrain.network.synapses.ClampedSynapse">
        <clipped>false</clipped>
      </learningRule>
      <id>Synapse_1</id>
      <strength>2.2690010084216197</strength>
      <increment>1.0</increment>
      <upperBound>50.0</upperBound>
      <lowerBound>-50.0</lowerBound>
      <delay>0</delay>
      <sendWeightedInput>true</sendWeightedInput>
    </org.simbrain.network.interfaces.Synapse>
    <org.simbrain.network.interfaces.Synapse>
      <parentNetwork class="org.simbrain.network.interfaces.RootNetwork" reference="../../.."/>
      <source reference="../../../neuronList/org.simbrain.network.interfaces.Neuron[2]"/>
      <target>
        <updateRule class="org.simbrain.network.neurons.LinearNeuron">
          <slope>1.0</slope>
          <bias>0.0</bias>
          <noiseGenerator>
            <distributionIndex>0</distributionIndex>
            <upperBound>1.0</upperBound>
            <lowerBound>-1.0</lowerBound>
            <mean>0.5</mean>
            <standardDeviation>0.5</standardDeviation>
            <clipping>false</clipping>
            <randomGenerator serialization="custom">
              <java.util.Random>
                <default>
                  <seed>130048572821892</seed>
                  <nextNextGaussian>0.0</nextNextGaussian>
                  <haveNextNextGaussian>false</haveNextNextGaussian>
                </default>
              </java.util.Random>
            </randomGenerator>
          </noiseGenerator>
          <addNoise>false</addNoise>
          <clipping>true</clipping>
        </updateRule>
        <id>Neuron_1</id>
        <label></label>
        <activation>0.0</activation>
        <lowerBound>-1.0</lowerBound>
        <upperBound>1.0</upperBound>
        <increment>0.1</increment>
        <buffer>0.0</buffer>
        <inputValue>0.0</inputValue>
        <parent class="org.simbrain.network.interfaces.RootNetwork" reference="../../../.."/>
        <x>100.0</x>
        <y>100.0</y>
        <clamped>false</clamped>
        <targetValue>0.0</targetValue>
        <updatePriority>0</updatePriority>
      </target>
      <learningRule class="org.simbrain.network.synapses.ClampedSynapse">
        <clipped>false</clipped>
      </learningRule>
      <id>Synapse_2</id>
      <strength>0.5578608115490274</strength>
      <increment>1.0</increment>
      <upperBound>50.0</upperBound>
      <lowerBound>-50.0</lowerBound>
      <delay>0</delay>
      <sendWeightedInput>true</sendWeightedInput>
    </org.simbrain.network.interfaces.Synapse>
    <org.simbrain.network.interfaces.Synapse>
      <parentNetwork class="org.simbrain.network.interfaces.RootNetwork" reference="../../.."/>
      <source reference="../../../neuronList/org.simbrain.network.interfaces.Neuron[2]"/>
      <target>
        <updateRule class="org.simbrain.network.neurons.LinearNeuron">
          <slope>1.0</slope>
          <bias>0.0</bias>
          <noiseGenerator>
            <distributionIndex>0</distributionIndex>
            <upperBound>1.0</upperBound>
            <lowerBound>-1.0</lowerBound>
            <mean>0.5</mean>
            <standardDeviation>0.5</standardDeviation>
            <clipping>false</clipping>
            <randomGenerator serialization="custom">
              <java.util.Random>
                <default>
                  <seed>130048482596865</seed>
                  <nextNextGaussian>0.0</nextNextGaussian>
                  <haveNextNextGaussian>false</haveNextNextGaussian>
                </default>
              </java.util.Random>
            </randomGenerator>
          </noiseGenerator>
          <addNoise>false</addNoise>
          <clipping>true</clipping>
        </updateRule>
        <id>Neuron_4</id>
        <label></label>
        <activation>0.0</activation>
        <lowerBound>-1.0</lowerBound>
        <upperBound>1.0</upperBound>
        <increment>0.1</increment>
        <buffer>0.0</buffer>
        <inputValue>0.0</inputValue>
        <parent class="org.simbrain.network.interfaces.RootNetwork" reference="../../../.."/>
        <x>220.0</x>
        <y>100.0</y>
        <clamped>false</clamped>
        <targetValue>0.0</targetValue>
        <updatePriority>0</updatePriority>
      </target>
      <learningRule class="org.simbrain.network.synapses.ClampedSynapse">
        <clipped>false</clipped>
      </learningRule>
      <id>Synapse_3</id>
      <strength>4.801674621536653</strength>
      <increment>1.0</increment>
      <upperBound>50.0</upperBound>
      <lowerBound>-50.0</lowerBound>
      <delay>0</delay>
      <sendWeightedInput>true</sendWeightedInput>
    </org.simbrain.network.interfaces.Synapse>
    <org.simbrain.network.interfaces.Synapse>
      <parentNetwork class="org.simbrain.network.interfaces.RootNetwork" reference="../../.."/>
      <source reference="../../../neuronList/org.simbrain.network.interfaces.Neuron[2]"/>
      <target>
        <updateRule class="org.simbrain.network.neurons.LinearNeuron">
          <slope>1.0</slope>
          <bias>0.0</bias>
          <noiseGenerator>
            <distributionIndex>0</distributionIndex>
            <upperBound>1.0</upperBound>
            <lowerBound>-1.0</lowerBound>
            <mean>0.5</mean>
            <standardDeviation>0.5</standardDeviation>
            <clipping>false</clipping>
            <randomGenerator serialization="custom">
              <java.util.Random>
                <default>
                  <seed>130048457177983</seed>
                  <nextNextGaussian>0.0</nextNextGaussian>
                  <haveNextNextGaussian>false</haveNextNextGaussian>
                </default>
              </java.util.Random>
            </randomGenerator>
          </noiseGenerator>
          <addNoise>false</addNoise>
          <clipping>true</clipping>
        </updateRule>
        <id>Neuron_2</id>
        <label></label>
        <activation>0.0</activation>
        <lowerBound>-1.0</lowerBound>
        <upperBound>1.0</upperBound>
        <increment>0.1</increment>
        <buffer>0.0</buffer>
        <inputValue>0.0</inputValue>
        <parent class="org.simbrain.network.interfaces.RootNetwork" reference="../../../.."/>
        <x>140.0</x>
        <y>100.0</y>
        <clamped>false</clamped>
        <targetValue>0.0</targetValue>
        <updatePriority>0</updatePriority>
      </target>
      <learningRule class="org.simbrain.network.synapses.ClampedSynapse">
        <clipped>false</clipped>
      </learningRule>
      <id>Synapse_4</id>
      <strength>0.9874426588057297</strength>
      <increment>1.0</increment>
      <upperBound>50.0</upperBound>
      <lowerBound>-50.0</lowerBound>
      <delay>0</delay>
      <sendWeightedInput>true</sendWeightedInput>
    </org.simbrain.network.interfaces.Synapse>
    <org.simbrain.network.interfaces.Synapse>
      <parentNetwork class="org.simbrain.network.interfaces.RootNetwork" reference="../../.."/>
      <source reference="../../../neuronList/org.simbrain.network.interfaces.Neuron"/>
      <target reference="../../org.simbrain.network.interfaces.Synapse/target"/>
      <learningRule class="org.simbrain.network.synapses.ClampedSynapse">
        <clipped>false</clipped>
      </learningRule>
      <id>Synapse_5</id>
      <strength>0.9008600119787483</strength>
      <increment>1.0</increment>
      <upperBound>50.0</upperBound>
      <lowerBound>-50.0</lowerBound>
      <delay>0</delay>
      <sendWeightedInput>true</sendWeightedInput>
    </org.simbrain.network.interfaces.Synapse>
    <org.simbrain.network.interfaces.Synapse>
      <parentNetwork class="org.simbrain.network.interfaces.RootNetwork" reference="../../.."/>
      <source reference="../../../neuronList/org.simbrain.network.interfaces.Neuron"/>
      <target reference="../../org.simbrain.network.interfaces.Synapse[2]/target"/>
      <learningRule class="org.simbrain.network.synapses.ClampedSynapse">
        <clipped>false</clipped>
      </learningRule>
      <id>Synapse_6</id>
      <strength>0.02738411614266769</strength>
      <increment>1.0</increment>
      <upperBound>50.0</upperBound>
      <lowerBound>-50.0</lowerBound>
      <delay>0</delay>
      <sendWeightedInput>true</sendWeightedInput>
    </org.simbrain.network.interfaces.Synapse>
    <org.simbrain.network.interfaces.Synapse>
      <parentNetwork class="org.simbrain.network.interfaces.RootNetwork" reference="../../.."/>
      <source reference="../../../neuronList/org.simbrain.network.interfaces.Neuron"/>
      <target reference="../../org.simbrain.network.interfaces.Synapse[3]/target"/>
      <learningRule class="org.simbrain.network.synapses.ClampedSynapse">
        <clipped>false</clipped>
      </learningRule>
      <id>Synapse_7</id>
      <strength>1.9517603133295232</strength>
      <increment>1.0</increment>
      <upperBound>50.0</upperBound>
      <lowerBound>-50.0</lowerBound>
      <delay>0</delay>
      <sendWeightedInput>true</sendWeightedInput>
    </org.simbrain.network.interfaces.Synapse>
    <org.simbrain.network.interfaces.Synapse>
      <parentNetwork class="org.simbrain.network.interfaces.RootNetwork" reference="../../.."/>
      <source reference="../../../neuronList/org.simbrain.network.interfaces.Neuron"/>
      <target reference="../../org.simbrain.network.interfaces.Synapse[4]/target"/>
      <learningRule class="org.simbrain.network.synapses.ClampedSynapse">
        <clipped>false</clipped>
      </learningRule>
      <id>Synapse_8</id>
      <strength>-0.288584809098377</strength>
      <increment>1.0</increment>
      <upperBound>50.0</upperBound>
      <lowerBound>-50.0</lowerBound>
      <delay>0</delay>
      <sendWeightedInput>true</sendWeightedInput>
    </org.simbrain.network.interfaces.Synapse>
    <org.simbrain.network.interfaces.Synapse>
      <parentNetwork class="org.simbrain.network.interfaces.RootNetwork" reference="../../.."/>
      <source reference="../../../neuronList/org.simbrain.network.interfaces.Neuron[4]"/>
      <target reference="../../org.simbrain.network.interfaces.Synapse/target"/>
      <learningRule class="org.simbrain.network.synapses.ClampedSynapse">
        <clipped>false</clipped>
      </learningRule>
      <id>Synapse_9</id>
      <strength>-2.253804231260633</strength>
      <increment>1.0</increment>
      <upperBound>50.0</upperBound>
      <lowerBound>-50.0</lowerBound>
      <delay>0</delay>
      <sendWeightedInput>true</sendWeightedInput>
    </org.simbrain.network.interfaces.Synapse>
    <org.simbrain.network.interfaces.Synapse>
      <parentNetwork class="org.simbrain.network.interfaces.RootNetwork" reference="../../.."/>
      <source reference="../../../neuronList/org.simbrain.network.interfaces.Neuron[4]"/>
      <target reference="../../org.simbrain.network.interfaces.Synapse[2]/target"/>
      <learningRule class="org.simbrain.network.synapses.ClampedSynapse">
        <clipped>false</clipped>
      </learningRule>
      <id>Synapse_10</id>
      <strength>0.23297656515602702</strength>
      <increment>1.0</increment>
      <upperBound>50.0</upperBound>
      <lowerBound>-50.0</lowerBound>
      <delay>0</delay>
      <sendWeightedInput>true</sendWeightedInput>
    </org.simbrain.network.interfaces.Synapse>
    <org.simbrain.network.interfaces.Synapse>
      <parentNetwork class="org.simbrain.network.interfaces.RootNetwork" reference="../../.."/>
      <source reference="../../../neuronList/org.simbrain.network.interfaces.Neuron[4]"/>
      <target reference="../../org.simbrain.network.interfaces.Synapse[3]/target"/>
      <learningRule class="org.simbrain.network.synapses.ClampedSynapse">
        <clipped>false</clipped>
      </learningRule>
      <id>Synapse_11</id>
      <strength>-6.451218586985779</strength>
      <increment>1.0</increment>
      <upperBound>50.0</upperBound>
      <lowerBound>-50.0</lowerBound>
      <delay>0</delay>
      <sendWeightedInput>true</sendWeightedInput>
    </org.simbrain.network.interfaces.Synapse>
    <org.simbrain.network.interfaces.Synapse>
      <parentNetwork class="org.simbrain.network.interfaces.RootNetwork" reference="../../.."/>
      <source reference="../../../neuronList/org.simbrain.network.interfaces.Neuron[4]"/>
      <target reference="../../org.simbrain.network.interfaces.Synapse[4]/target"/>
      <learningRule class="org.simbrain.network.synapses.ClampedSynapse">
        <clipped>false</clipped>
      </learningRule>
      <id>Synapse_12</id>
      <strength>0.6695608206554274</strength>
      <increment>1.0</increment>
      <upperBound>50.0</upperBound>
      <lowerBound>-50.0</lowerBound>
      <delay>0</delay>
      <sendWeightedInput>true</sendWeightedInput>
    </org.simbrain.network.interfaces.Synapse>
    <org.simbrain.network.interfaces.Synapse>
      <parentNetwork class="org.simbrain.network.interfaces.RootNetwork" reference="../../.."/>
      <source reference="../../../neuronList/org.simbrain.network.interfaces.Neuron[3]"/>
      <target reference="../../org.simbrain.network.interfaces.Synapse/target"/>
      <learningRule class="org.simbrain.network.synapses.ClampedSynapse">
        <clipped>false</clipped>
      </learningRule>
      <id>Synapse_13</id>
      <strength>0.08394321086026515</strength>
      <increment>1.0</increment>
      <upperBound>50.0</upperBound>
      <lowerBound>-50.0</lowerBound>
      <delay>0</delay>
      <sendWeightedInput>true</sendWeightedInput>
    </org.simbrain.network.interfaces.Synapse>
    <org.simbrain.network.interfaces.Synapse>
      <parentNetwork class="org.simbrain.network.interfaces.RootNetwork" reference="../../.."/>
      <source reference="../../../neuronList/org.simbrain.network.interfaces.Neuron[3]"/>
      <target reference="../../org.simbrain.network.interfaces.Synapse[2]/target"/>
      <learningRule class="org.simbrain.network.synapses.ClampedSynapse">
        <clipped>false</clipped>
      </learningRule>
      <id>Synapse_14</id>
      <strength>0.1817785071522779</strength>
      <increment>1.0</increment>
      <upperBound>50.0</upperBound>
      <lowerBound>-50.0</lowerBound>
      <delay>0</delay>
      <sendWeightedInput>true</sendWeightedInput>
    </org.simbrain.network.interfaces.Synapse>
    <org.simbrain.network.interfaces.Synapse>
      <parentNetwork class="org.simbrain.network.interfaces.RootNetwork" reference="../../.."/>
      <source reference="../../../neuronList/org.simbrain.network.interfaces.Neuron[3]"/>
      <target reference="../../org.simbrain.network.interfaces.Synapse[3]/target"/>
      <learningRule class="org.simbrain.network.synapses.ClampedSynapse">
        <clipped>false</clipped>
      </learningRule>
      <id>Synapse_15</id>
      <strength>0.6977836521196037</strength>
      <increment>1.0</increment>
      <upperBound>50.0</upperBound>
      <lowerBound>-50.0</lowerBound>
      <delay>0</delay>
      <sendWeightedInput>true</sendWeightedInput>
    </org.simbrain.network.interfaces.Synapse>
    <org.simbrain.network.interfaces.Synapse>
      <parentNetwork class="org.simbrain.network.interfaces.RootNetwork" reference="../../.."/>
      <source reference="../../../neuronList/org.simbrain.network.interfaces.Neuron[3]"/>
      <target reference="../../org.simbrain.network.interfaces.Synapse[4]/target"/>
      <learningRule class="org.simbrain.network.synapses.ClampedSynapse">
        <clipped>false</clipped>
      </learningRule>
      <id>Synapse_16</id>
      <strength>-0.36841867036278</strength>
      <increment>1.0</increment>
      <upperBound>50.0</upperBound>
      <lowerBound>-50.0</lowerBound>
      <delay>0</delay>
      <sendWeightedInput>true</sendWeightedInput>
    </org.simbrain.network.interfaces.Synapse>
  </synapseList>
  <networkList>
    <org.simbrain.network.networks.Competitive>
      <epsilon>0.5</epsilon>
      <winValue>1.0</winValue>
      <loseValue>0.0</loseValue>
      <numNeurons>3</numNeurons>
      <normalizeInputs>true</normalizeInputs>
      <useLeakyLearning>false</useLeakyLearning>
      <leakyEpsilon>0.025</leakyEpsilon>
      <max>0.0</max>
      <val>-0.60511309624756</val>
      <activation>0.125</activation>
      <winner>0</winner>
      <rootNetwork reference="../../.."/>
      <id>Network_1</id>
      <neuronList>
        <org.simbrain.network.interfaces.Neuron reference="../../../../synapseList/org.simbrain.network.interfaces.Synapse[2]/target"/>
        <org.simbrain.network.interfaces.Neuron reference="../../../../synapseList/org.simbrain.network.interfaces.Synapse[4]/target"/>
        <org.simbrain.network.interfaces.Neuron reference="../../../../synapseList/org.simbrain.network.interfaces.Synapse/target"/>
        <org.simbrain.network.interfaces.Neuron reference="../../../../synapseList/org.simbrain.network.interfaces.Synapse[3]/target"/>
      </neuronList>
      <synapseList/>
      <networkList/>
      <groupList/>
      <timeStep>0.2</timeStep>
      <roundOffActivationValues>false</roundOffActivationValues>
      <precision>0</precision>
      <parentNet class="org.simbrain.network.interfaces.RootNetwork" reference="../../.."/>
      <updatePriority>0</updatePriority>
    </org.simbrain.network.networks.Competitive>
  </networkList>
  <groupList/>
  <timeStep defined-in="org.simbrain.network.interfaces.Network">0.2</timeStep>
  <roundOffActivationValues>false</roundOffActivationValues>
  <precision>0</precision>
  <updatePriority>0</updatePriority>
</org.simbrain.network.interfaces.RootNetwork>