<org.simbrain.network.interfaces.RootNetwork>
  <rootNetwork reference=".."/>
  <id>Backprop network</id>
  <neuronList>
    <org.simbrain.network.interfaces.Neuron>
      <updateRule class="org.simbrain.network.neurons.LinearNeuron">
        <slope>1.0</slope>
        <bias>0.0</bias>
        <noiseGenerator>
          <distributionIndex>0</distributionIndex>
          <upperBound>1.0</upperBound>
          <lowerBound>-1.0</lowerBound>
          <mean>0.5</mean>
          <standardDeviation>0.5</standardDeviation>
          <clipping>true</clipping>
          <randomGenerator serialization="custom">
            <java.util.Random>
              <default>
                <seed>212143342100189</seed>
                <nextNextGaussian>0.0</nextNextGaussian>
                <haveNextNextGaussian>false</haveNextNextGaussian>
              </default>
            </java.util.Random>
          </randomGenerator>
        </noiseGenerator>
        <addNoise>false</addNoise>
        <clipping>true</clipping>
      </updateRule>
      <id>Neuron_1</id>
      <label></label>
      <activation>0.0</activation>
      <lowerBound>0.0</lowerBound>
      <upperBound>1.0</upperBound>
      <increment>1.0</increment>
      <buffer>0.0</buffer>
      <inputValue>0.0</inputValue>
      <parent class="org.simbrain.network.interfaces.RootNetwork" reference="../../.."/>
      <x>-75.0</x>
      <y>0.0</y>
      <clamped>false</clamped>
      <targetValue>0.0</targetValue>
      <updatePriority>0</updatePriority>
    </org.simbrain.network.interfaces.Neuron>
    <org.simbrain.network.interfaces.Neuron>
      <updateRule class="org.simbrain.network.neurons.LinearNeuron">
        <slope>1.0</slope>
        <bias>0.0</bias>
        <noiseGenerator>
          <distributionIndex>0</distributionIndex>
          <upperBound>1.0</upperBound>
          <lowerBound>-1.0</lowerBound>
          <mean>0.5</mean>
          <standardDeviation>0.5</standardDeviation>
          <clipping>true</clipping>
          <randomGenerator serialization="custom">
            <java.util.Random>
              <default>
                <seed>212143342261748</seed>
                <nextNextGaussian>0.0</nextNextGaussian>
                <haveNextNextGaussian>false</haveNextNextGaussian>
              </default>
            </java.util.Random>
          </randomGenerator>
        </noiseGenerator>
        <addNoise>false</addNoise>
        <clipping>true</clipping>
      </updateRule>
      <id>Neuron_2</id>
      <label></label>
      <activation>0.0</activation>
      <lowerBound>0.0</lowerBound>
      <upperBound>1.0</upperBound>
      <increment>1.0</increment>
      <buffer>0.0</buffer>
      <inputValue>0.0</inputValue>
      <parent class="org.simbrain.network.interfaces.RootNetwork" reference="../../.."/>
      <x>-25.0</x>
      <y>0.0</y>
      <clamped>false</clamped>
      <targetValue>0.0</targetValue>
      <updatePriority>0</updatePriority>
    </org.simbrain.network.interfaces.Neuron>
    <org.simbrain.network.interfaces.Neuron>
      <updateRule class="org.simbrain.network.neurons.LinearNeuron">
        <slope>1.0</slope>
        <bias>0.0</bias>
        <noiseGenerator>
          <distributionIndex>0</distributionIndex>
          <upperBound>1.0</upperBound>
          <lowerBound>-1.0</lowerBound>
          <mean>0.5</mean>
          <standardDeviation>0.5</standardDeviation>
          <clipping>true</clipping>
          <randomGenerator serialization="custom">
            <java.util.Random>
              <default>
                <seed>212143342227111</seed>
                <nextNextGaussian>0.0</nextNextGaussian>
                <haveNextNextGaussian>false</haveNextNextGaussian>
              </default>
            </java.util.Random>
          </randomGenerator>
        </noiseGenerator>
        <addNoise>false</addNoise>
        <clipping>true</clipping>
      </updateRule>
      <id>Neuron_3</id>
      <label></label>
      <activation>0.0</activation>
      <lowerBound>0.0</lowerBound>
      <upperBound>1.0</upperBound>
      <increment>1.0</increment>
      <buffer>0.0</buffer>
      <inputValue>0.0</inputValue>
      <parent class="org.simbrain.network.interfaces.RootNetwork" reference="../../.."/>
      <x>25.0</x>
      <y>0.0</y>
      <clamped>false</clamped>
      <targetValue>0.0</targetValue>
      <updatePriority>0</updatePriority>
    </org.simbrain.network.interfaces.Neuron>
    <org.simbrain.network.interfaces.Neuron>
      <updateRule class="org.simbrain.network.neurons.SigmoidalNeuron">
        <type>LOGISTIC</type>
        <bias>0.36974898298614334</bias>
        <slope>1.0</slope>
        <noiseGenerator>
          <distributionIndex>0</distributionIndex>
          <upperBound>1.0</upperBound>
          <lowerBound>-1.0</lowerBound>
          <mean>0.5</mean>
          <standardDeviation>0.5</standardDeviation>
          <clipping>true</clipping>
          <randomGenerator serialization="custom">
            <java.util.Random>
              <default>
                <seed>212016696823055</seed>
                <nextNextGaussian>0.0</nextNextGaussian>
                <haveNextNextGaussian>false</haveNextNextGaussian>
              </default>
            </java.util.Random>
          </randomGenerator>
        </noiseGenerator>
        <addNoise>false</addNoise>
      </updateRule>
      <id>Neuron_4</id>
      <label></label>
      <activation>0.09217486137109043</activation>
      <lowerBound>-1.0</lowerBound>
      <upperBound>1.0</upperBound>
      <increment>0.1</increment>
      <buffer>0.09217486137109043</buffer>
      <inputValue>0.0</inputValue>
      <parent class="org.simbrain.network.interfaces.RootNetwork" reference="../../.."/>
      <x>-175.82100938967136</x>
      <y>-100.0</y>
      <clamped>false</clamped>
      <targetValue>0.0</targetValue>
      <updatePriority>1</updatePriority>
    </org.simbrain.network.interfaces.Neuron>
    <org.simbrain.network.interfaces.Neuron>
      <updateRule class="org.simbrain.network.neurons.SigmoidalNeuron">
        <type>LOGISTIC</type>
        <bias>7.310834286033323</bias>
        <slope>1.0</slope>
        <noiseGenerator>
          <distributionIndex>0</distributionIndex>
          <upperBound>1.0</upperBound>
          <lowerBound>-1.0</lowerBound>
          <mean>0.5</mean>
          <standardDeviation>0.5</standardDeviation>
          <clipping>true</clipping>
          <randomGenerator serialization="custom">
            <java.util.Random>
              <default>
                <seed>212016696810246</seed>
                <nextNextGaussian>0.0</nextNextGaussian>
                <haveNextNextGaussian>false</haveNextNextGaussian>
              </default>
            </java.util.Random>
          </randomGenerator>
        </noiseGenerator>
        <addNoise>false</addNoise>
      </updateRule>
      <id>Neuron_5</id>
      <label></label>
      <activation>0.9496014156977437</activation>
      <lowerBound>-1.0</lowerBound>
      <upperBound>1.0</upperBound>
      <increment>0.1</increment>
      <buffer>0.9496014156977437</buffer>
      <inputValue>0.0</inputValue>
      <parent class="org.simbrain.network.interfaces.RootNetwork" reference="../../.."/>
      <x>-125.82100938967136</x>
      <y>-100.0</y>
      <clamped>false</clamped>
      <targetValue>0.0</targetValue>
      <updatePriority>1</updatePriority>
    </org.simbrain.network.interfaces.Neuron>
    <org.simbrain.network.interfaces.Neuron>
      <updateRule class="org.simbrain.network.neurons.SigmoidalNeuron">
        <type>LOGISTIC</type>
        <bias>0.6659771226170615</bias>
        <slope>1.0</slope>
        <noiseGenerator>
          <distributionIndex>0</distributionIndex>
          <upperBound>1.0</upperBound>
          <lowerBound>-1.0</lowerBound>
          <mean>0.5</mean>
          <standardDeviation>0.5</standardDeviation>
          <clipping>true</clipping>
          <randomGenerator serialization="custom">
            <java.util.Random>
              <default>
                <seed>212016696793529</seed>
                <nextNextGaussian>0.0</nextNextGaussian>
                <haveNextNextGaussian>false</haveNextNextGaussian>
              </default>
            </java.util.Random>
          </randomGenerator>
        </noiseGenerator>
        <addNoise>false</addNoise>
      </updateRule>
      <id>Neuron_6</id>
      <label></label>
      <activation>0.16497272334042967</activation>
      <lowerBound>-1.0</lowerBound>
      <upperBound>1.0</upperBound>
      <increment>0.1</increment>
      <buffer>0.16497272334042967</buffer>
      <inputValue>0.0</inputValue>
      <parent class="org.simbrain.network.interfaces.RootNetwork" reference="../../.."/>
      <x>-75.82100938967136</x>
      <y>-100.0</y>
      <clamped>false</clamped>
      <targetValue>0.0</targetValue>
      <updatePriority>1</updatePriority>
    </org.simbrain.network.interfaces.Neuron>
    <org.simbrain.network.interfaces.Neuron>
      <updateRule class="org.simbrain.network.neurons.SigmoidalNeuron">
        <type>LOGISTIC</type>
        <bias>-59.114669000460005</bias>
        <slope>1.0</slope>
        <noiseGenerator>
          <distributionIndex>0</distributionIndex>
          <upperBound>1.0</upperBound>
          <lowerBound>-1.0</lowerBound>
          <mean>0.5</mean>
          <standardDeviation>0.5</standardDeviation>
          <clipping>true</clipping>
          <randomGenerator serialization="custom">
            <java.util.Random>
              <default>
                <seed>212016696894544</seed>
                <nextNextGaussian>0.0</nextNextGaussian>
                <haveNextNextGaussian>false</haveNextNextGaussian>
              </default>
            </java.util.Random>
          </randomGenerator>
        </noiseGenerator>
        <addNoise>false</addNoise>
      </updateRule>
      <id>Neuron_7</id>
      <label></label>
      <activation>-0.9999999999997087</activation>
      <lowerBound>-1.0</lowerBound>
      <upperBound>1.0</upperBound>
      <increment>0.1</increment>
      <buffer>-0.9999999999997087</buffer>
      <inputValue>0.0</inputValue>
      <parent class="org.simbrain.network.interfaces.RootNetwork" reference="../../.."/>
      <x>-25.82100938967136</x>
      <y>-100.0</y>
      <clamped>false</clamped>
      <targetValue>0.0</targetValue>
      <updatePriority>1</updatePriority>
    </org.simbrain.network.interfaces.Neuron>
    <org.simbrain.network.interfaces.Neuron>
      <updateRule class="org.simbrain.network.neurons.SigmoidalNeuron">
        <type>LOGISTIC</type>
        <bias>-52.723962292940946</bias>
        <slope>1.0</slope>
        <noiseGenerator>
          <distributionIndex>0</distributionIndex>
          <upperBound>1.0</upperBound>
          <lowerBound>-1.0</lowerBound>
          <mean>0.5</mean>
          <standardDeviation>0.5</standardDeviation>
          <clipping>true</clipping>
          <randomGenerator serialization="custom">
            <java.util.Random>
              <default>
                <seed>212016696877771</seed>
                <nextNextGaussian>0.0</nextNextGaussian>
                <haveNextNextGaussian>false</haveNextNextGaussian>
              </default>
            </java.util.Random>
          </randomGenerator>
        </noiseGenerator>
        <addNoise>false</addNoise>
      </updateRule>
      <id>Neuron_8</id>
      <label></label>
      <activation>-0.9999999999928851</activation>
      <lowerBound>-1.0</lowerBound>
      <upperBound>1.0</upperBound>
      <increment>0.1</increment>
      <buffer>-0.9999999999928851</buffer>
      <inputValue>0.0</inputValue>
      <parent class="org.simbrain.network.interfaces.RootNetwork" reference="../../.."/>
      <x>24.17899061032864</x>
      <y>-100.0</y>
      <clamped>false</clamped>
      <targetValue>0.0</targetValue>
      <updatePriority>1</updatePriority>
    </org.simbrain.network.interfaces.Neuron>
    <org.simbrain.network.interfaces.Neuron>
      <updateRule class="org.simbrain.network.neurons.SigmoidalNeuron">
        <type>LOGISTIC</type>
        <bias>2.195217133078225</bias>
        <slope>1.0</slope>
        <noiseGenerator>
          <distributionIndex>0</distributionIndex>
          <upperBound>1.0</upperBound>
          <lowerBound>-1.0</lowerBound>
          <mean>0.5</mean>
          <standardDeviation>0.5</standardDeviation>
          <clipping>true</clipping>
          <randomGenerator serialization="custom">
            <java.util.Random>
              <default>
                <seed>212016696861026</seed>
                <nextNextGaussian>0.0</nextNextGaussian>
                <haveNextNextGaussian>false</haveNextNextGaussian>
              </default>
            </java.util.Random>
          </randomGenerator>
        </noiseGenerator>
        <addNoise>false</addNoise>
      </updateRule>
      <id>Neuron_9</id>
      <label></label>
      <activation>0.4996235097603381</activation>
      <lowerBound>-1.0</lowerBound>
      <upperBound>1.0</upperBound>
      <increment>0.1</increment>
      <buffer>0.4996235097603381</buffer>
      <inputValue>0.0</inputValue>
      <parent class="org.simbrain.network.interfaces.RootNetwork" reference="../../.."/>
      <x>74.17899061032864</x>
      <y>-100.0</y>
      <clamped>false</clamped>
      <targetValue>0.0</targetValue>
      <updatePriority>1</updatePriority>
    </org.simbrain.network.interfaces.Neuron>
    <org.simbrain.network.interfaces.Neuron>
      <updateRule class="org.simbrain.network.neurons.SigmoidalNeuron">
        <type>LOGISTIC</type>
        <bias>3.4579665731403466</bias>
        <slope>1.0</slope>
        <noiseGenerator>
          <distributionIndex>0</distributionIndex>
          <upperBound>1.0</upperBound>
          <lowerBound>-1.0</lowerBound>
          <mean>0.5</mean>
          <standardDeviation>0.5</standardDeviation>
          <clipping>true</clipping>
          <randomGenerator serialization="custom">
            <java.util.Random>
              <default>
                <seed>212016696453901</seed>
                <nextNextGaussian>0.0</nextNextGaussian>
                <haveNextNextGaussian>false</haveNextNextGaussian>
              </default>
            </java.util.Random>
          </randomGenerator>
        </noiseGenerator>
        <addNoise>false</addNoise>
      </updateRule>
      <id>Neuron_10</id>
      <label></label>
      <activation>0.6985646505147602</activation>
      <lowerBound>-1.0</lowerBound>
      <upperBound>1.0</upperBound>
      <increment>0.1</increment>
      <buffer>0.6985646505147602</buffer>
      <inputValue>0.0</inputValue>
      <parent class="org.simbrain.network.interfaces.RootNetwork" reference="../../.."/>
      <x>124.17899061032864</x>
      <y>-100.81425509579215</y>
      <clamped>false</clamped>
      <targetValue>0.0</targetValue>
      <updatePriority>1</updatePriority>
    </org.simbrain.network.interfaces.Neuron>
    <org.simbrain.network.interfaces.Neuron>
      <updateRule class="org.simbrain.network.neurons.SigmoidalNeuron">
        <type>LOGISTIC</type>
        <bias>-3.6946636623294107</bias>
        <slope>1.0</slope>
        <noiseGenerator>
          <distributionIndex>0</distributionIndex>
          <upperBound>1.0</upperBound>
          <lowerBound>-1.0</lowerBound>
          <mean>0.5</mean>
          <standardDeviation>0.5</standardDeviation>
          <clipping>true</clipping>
          <randomGenerator serialization="custom">
            <java.util.Random>
              <default>
                <seed>212016698331740</seed>
                <nextNextGaussian>0.0</nextNextGaussian>
                <haveNextNextGaussian>false</haveNextNextGaussian>
              </default>
            </java.util.Random>
          </randomGenerator>
        </noiseGenerator>
        <addNoise>false</addNoise>
      </updateRule>
      <id>Neuron_11</id>
      <label>Fish</label>
      <activation>0.0031736602332086057</activation>
      <lowerBound>0.0</lowerBound>
      <upperBound>1.0</upperBound>
      <increment>0.1</increment>
      <buffer>0.0031736602332086057</buffer>
      <inputValue>0.0</inputValue>
      <parent class="org.simbrain.network.interfaces.RootNetwork" reference="../../.."/>
      <x>-78.19014084507042</x>
      <y>-199.19014084507043</y>
      <clamped>false</clamped>
      <targetValue>0.0</targetValue>
      <updatePriority>2</updatePriority>
    </org.simbrain.network.interfaces.Neuron>
    <org.simbrain.network.interfaces.Neuron>
      <updateRule class="org.simbrain.network.neurons.SigmoidalNeuron">
        <type>LOGISTIC</type>
        <bias>0.5255561101449819</bias>
        <slope>1.0</slope>
        <noiseGenerator>
          <distributionIndex>0</distributionIndex>
          <upperBound>1.0</upperBound>
          <lowerBound>-1.0</lowerBound>
          <mean>0.5</mean>
          <standardDeviation>0.5</standardDeviation>
          <clipping>true</clipping>
          <randomGenerator serialization="custom">
            <java.util.Random>
              <default>
                <seed>212016698314999</seed>
                <nextNextGaussian>0.0</nextNextGaussian>
                <haveNextNextGaussian>false</haveNextNextGaussian>
              </default>
            </java.util.Random>
          </randomGenerator>
        </noiseGenerator>
        <addNoise>false</addNoise>
      </updateRule>
      <id>Neuron_12</id>
      <label>Gouda</label>
      <activation>0.002762097308259728</activation>
      <lowerBound>0.0</lowerBound>
      <upperBound>1.0</upperBound>
      <increment>0.1</increment>
      <buffer>0.002762097308259728</buffer>
      <inputValue>0.0</inputValue>
      <parent class="org.simbrain.network.interfaces.RootNetwork" reference="../../.."/>
      <x>-24.190140845070424</x>
      <y>-199.19014084507043</y>
      <clamped>false</clamped>
      <targetValue>0.0</targetValue>
      <updatePriority>2</updatePriority>
    </org.simbrain.network.interfaces.Neuron>
    <org.simbrain.network.interfaces.Neuron>
      <updateRule class="org.simbrain.network.neurons.SigmoidalNeuron">
        <type>LOGISTIC</type>
        <bias>-3.4882498465683014</bias>
        <slope>1.0</slope>
        <noiseGenerator>
          <distributionIndex>0</distributionIndex>
          <upperBound>1.0</upperBound>
          <lowerBound>-1.0</lowerBound>
          <mean>0.5</mean>
          <standardDeviation>0.5</standardDeviation>
          <clipping>true</clipping>
          <randomGenerator serialization="custom">
            <java.util.Random>
              <default>
                <seed>212016698300254</seed>
                <nextNextGaussian>0.0</nextNextGaussian>
                <haveNextNextGaussian>false</haveNextNextGaussian>
              </default>
            </java.util.Random>
          </randomGenerator>
        </noiseGenerator>
        <addNoise>false</addNoise>
      </updateRule>
      <id>Neuron_13</id>
      <label>Blue</label>
      <activation>0.004650773421192855</activation>
      <lowerBound>0.0</lowerBound>
      <upperBound>1.0</upperBound>
      <increment>0.1</increment>
      <buffer>0.004650773421192855</buffer>
      <inputValue>0.0</inputValue>
      <parent class="org.simbrain.network.interfaces.RootNetwork" reference="../../.."/>
      <x>29.809859154929576</x>
      <y>-198.38028169014086</y>
      <clamped>false</clamped>
      <targetValue>0.0</targetValue>
      <updatePriority>2</updatePriority>
    </org.simbrain.network.interfaces.Neuron>
  </neuronList>
  <synapseList>
    <org.simbrain.network.interfaces.Synapse>
      <parentNetwork class="org.simbrain.network.interfaces.RootNetwork" reference="../../.."/>
      <source reference="../../../neuronList/org.simbrain.network.interfaces.Neuron"/>
      <target reference="../../../neuronList/org.simbrain.network.interfaces.Neuron[4]"/>
      <learningRule class="org.simbrain.network.synapses.ClampedSynapse">
        <clipped>false</clipped>
      </learningRule>
      <id>Synapse_1</id>
      <strength>2.447574927277714</strength>
      <increment>1.0</increment>
      <upperBound>10.0</upperBound>
      <lowerBound>-10.0</lowerBound>
      <delay>0</delay>
      <sendWeightedInput>true</sendWeightedInput>
    </org.simbrain.network.interfaces.Synapse>
    <org.simbrain.network.interfaces.Synapse>
      <parentNetwork class="org.simbrain.network.interfaces.RootNetwork" reference="../../.."/>
      <source reference="../../../neuronList/org.simbrain.network.interfaces.Neuron"/>
      <target reference="../../../neuronList/org.simbrain.network.interfaces.Neuron[5]"/>
      <learningRule class="org.simbrain.network.synapses.ClampedSynapse">
        <clipped>false</clipped>
      </learningRule>
      <id>Synapse_2</id>
      <strength>4.912386238106116</strength>
      <increment>1.0</increment>
      <upperBound>10.0</upperBound>
      <lowerBound>-10.0</lowerBound>
      <delay>0</delay>
      <sendWeightedInput>true</sendWeightedInput>
    </org.simbrain.network.interfaces.Synapse>
    <org.simbrain.network.interfaces.Synapse>
      <parentNetwork class="org.simbrain.network.interfaces.RootNetwork" reference="../../.."/>
      <source reference="../../../neuronList/org.simbrain.network.interfaces.Neuron"/>
      <target reference="../../../neuronList/org.simbrain.network.interfaces.Neuron[6]"/>
      <learningRule class="org.simbrain.network.synapses.ClampedSynapse">
        <clipped>false</clipped>
      </learningRule>
      <id>Synapse_3</id>
      <strength>-5.0065926520265025</strength>
      <increment>1.0</increment>
      <upperBound>10.0</upperBound>
      <lowerBound>-10.0</lowerBound>
      <delay>0</delay>
      <sendWeightedInput>true</sendWeightedInput>
    </org.simbrain.network.interfaces.Synapse>
    <org.simbrain.network.interfaces.Synapse>
      <parentNetwork class="org.simbrain.network.interfaces.RootNetwork" reference="../../.."/>
      <source reference="../../../neuronList/org.simbrain.network.interfaces.Neuron"/>
      <target reference="../../../neuronList/org.simbrain.network.interfaces.Neuron[7]"/>
      <learningRule class="org.simbrain.network.synapses.ClampedSynapse">
        <clipped>false</clipped>
      </learningRule>
      <id>Synapse_4</id>
      <strength>2.0910904637816263</strength>
      <increment>1.0</increment>
      <upperBound>10.0</upperBound>
      <lowerBound>-10.0</lowerBound>
      <delay>0</delay>
      <sendWeightedInput>true</sendWeightedInput>
    </org.simbrain.network.interfaces.Synapse>
    <org.simbrain.network.interfaces.Synapse>
      <parentNetwork class="org.simbrain.network.interfaces.RootNetwork" reference="../../.."/>
      <source reference="../../../neuronList/org.simbrain.network.interfaces.Neuron"/>
      <target reference="../../../neuronList/org.simbrain.network.interfaces.Neuron[8]"/>
      <learningRule class="org.simbrain.network.synapses.ClampedSynapse">
        <clipped>false</clipped>
      </learningRule>
      <id>Synapse_5</id>
      <strength>-59.624957555098774</strength>
      <increment>1.0</increment>
      <upperBound>10.0</upperBound>
      <lowerBound>-10.0</lowerBound>
      <delay>0</delay>
      <sendWeightedInput>true</sendWeightedInput>
    </org.simbrain.network.interfaces.Synapse>
    <org.simbrain.network.interfaces.Synapse>
      <parentNetwork class="org.simbrain.network.interfaces.RootNetwork" reference="../../.."/>
      <source reference="../../../neuronList/org.simbrain.network.interfaces.Neuron"/>
      <target reference="../../../neuronList/org.simbrain.network.interfaces.Neuron[9]"/>
      <learningRule class="org.simbrain.network.synapses.ClampedSynapse">
        <clipped>false</clipped>
      </learningRule>
      <id>Synapse_6</id>
      <strength>-0.12238567221269564</strength>
      <increment>1.0</increment>
      <upperBound>10.0</upperBound>
      <lowerBound>-10.0</lowerBound>
      <delay>0</delay>
      <sendWeightedInput>true</sendWeightedInput>
    </org.simbrain.network.interfaces.Synapse>
    <org.simbrain.network.interfaces.Synapse>
      <parentNetwork class="org.simbrain.network.interfaces.RootNetwork" reference="../../.."/>
      <source reference="../../../neuronList/org.simbrain.network.interfaces.Neuron"/>
      <target reference="../../../neuronList/org.simbrain.network.interfaces.Neuron[10]"/>
      <learningRule class="org.simbrain.network.synapses.ClampedSynapse">
        <clipped>false</clipped>
      </learningRule>
      <id>Synapse_7</id>
      <strength>-5.030427866785841</strength>
      <increment>1.0</increment>
      <upperBound>10.0</upperBound>
      <lowerBound>-10.0</lowerBound>
      <delay>0</delay>
      <sendWeightedInput>true</sendWeightedInput>
    </org.simbrain.network.interfaces.Synapse>
    <org.simbrain.network.interfaces.Synapse>
      <parentNetwork class="org.simbrain.network.interfaces.RootNetwork" reference="../../.."/>
      <source reference="../../../neuronList/org.simbrain.network.interfaces.Neuron[2]"/>
      <target reference="../../../neuronList/org.simbrain.network.interfaces.Neuron[4]"/>
      <learningRule class="org.simbrain.network.synapses.ClampedSynapse">
        <clipped>false</clipped>
      </learningRule>
      <id>Synapse_8</id>
      <strength>-0.640750185798502</strength>
      <increment>1.0</increment>
      <upperBound>10.0</upperBound>
      <lowerBound>-10.0</lowerBound>
      <delay>0</delay>
      <sendWeightedInput>true</sendWeightedInput>
    </org.simbrain.network.interfaces.Synapse>
    <org.simbrain.network.interfaces.Synapse>
      <parentNetwork class="org.simbrain.network.interfaces.RootNetwork" reference="../../.."/>
      <source reference="../../../neuronList/org.simbrain.network.interfaces.Neuron[2]"/>
      <target reference="../../../neuronList/org.simbrain.network.interfaces.Neuron[5]"/>
      <learningRule class="org.simbrain.network.synapses.ClampedSynapse">
        <clipped>false</clipped>
      </learningRule>
      <id>Synapse_9</id>
      <strength>6.556088638927202</strength>
      <increment>1.0</increment>
      <upperBound>10.0</upperBound>
      <lowerBound>-10.0</lowerBound>
      <delay>0</delay>
      <sendWeightedInput>true</sendWeightedInput>
    </org.simbrain.network.interfaces.Synapse>
    <org.simbrain.network.interfaces.Synapse>
      <parentNetwork class="org.simbrain.network.interfaces.RootNetwork" reference="../../.."/>
      <source reference="../../../neuronList/org.simbrain.network.interfaces.Neuron[2]"/>
      <target reference="../../../neuronList/org.simbrain.network.interfaces.Neuron[6]"/>
      <learningRule class="org.simbrain.network.synapses.ClampedSynapse">
        <clipped>false</clipped>
      </learningRule>
      <id>Synapse_10</id>
      <strength>8.9196772356728</strength>
      <increment>1.0</increment>
      <upperBound>10.0</upperBound>
      <lowerBound>-10.0</lowerBound>
      <delay>0</delay>
      <sendWeightedInput>true</sendWeightedInput>
    </org.simbrain.network.interfaces.Synapse>
    <org.simbrain.network.interfaces.Synapse>
      <parentNetwork class="org.simbrain.network.interfaces.RootNetwork" reference="../../.."/>
      <source reference="../../../neuronList/org.simbrain.network.interfaces.Neuron[2]"/>
      <target reference="../../../neuronList/org.simbrain.network.interfaces.Neuron[7]"/>
      <learningRule class="org.simbrain.network.synapses.ClampedSynapse">
        <clipped>false</clipped>
      </learningRule>
      <id>Synapse_11</id>
      <strength>19.451231626267898</strength>
      <increment>1.0</increment>
      <upperBound>10.0</upperBound>
      <lowerBound>-10.0</lowerBound>
      <delay>0</delay>
      <sendWeightedInput>true</sendWeightedInput>
    </org.simbrain.network.interfaces.Synapse>
    <org.simbrain.network.interfaces.Synapse>
      <parentNetwork class="org.simbrain.network.interfaces.RootNetwork" reference="../../.."/>
      <source reference="../../../neuronList/org.simbrain.network.interfaces.Neuron[2]"/>
      <target reference="../../../neuronList/org.simbrain.network.interfaces.Neuron[8]"/>
      <learningRule class="org.simbrain.network.synapses.ClampedSynapse">
        <clipped>false</clipped>
      </learningRule>
      <id>Synapse_12</id>
      <strength>16.193690142643927</strength>
      <increment>1.0</increment>
      <upperBound>10.0</upperBound>
      <lowerBound>-10.0</lowerBound>
      <delay>0</delay>
      <sendWeightedInput>true</sendWeightedInput>
    </org.simbrain.network.interfaces.Synapse>
    <org.simbrain.network.interfaces.Synapse>
      <parentNetwork class="org.simbrain.network.interfaces.RootNetwork" reference="../../.."/>
      <source reference="../../../neuronList/org.simbrain.network.interfaces.Neuron[2]"/>
      <target reference="../../../neuronList/org.simbrain.network.interfaces.Neuron[9]"/>
      <learningRule class="org.simbrain.network.synapses.ClampedSynapse">
        <clipped>false</clipped>
      </learningRule>
      <id>Synapse_13</id>
      <strength>6.678397250218143</strength>
      <increment>1.0</increment>
      <upperBound>10.0</upperBound>
      <lowerBound>-10.0</lowerBound>
      <delay>0</delay>
      <sendWeightedInput>true</sendWeightedInput>
    </org.simbrain.network.interfaces.Synapse>
    <org.simbrain.network.interfaces.Synapse>
      <parentNetwork class="org.simbrain.network.interfaces.RootNetwork" reference="../../.."/>
      <source reference="../../../neuronList/org.simbrain.network.interfaces.Neuron[2]"/>
      <target reference="../../../neuronList/org.simbrain.network.interfaces.Neuron[10]"/>
      <learningRule class="org.simbrain.network.synapses.ClampedSynapse">
        <clipped>false</clipped>
      </learningRule>
      <id>Synapse_14</id>
      <strength>1.5262189175458103</strength>
      <increment>1.0</increment>
      <upperBound>10.0</upperBound>
      <lowerBound>-10.0</lowerBound>
      <delay>0</delay>
      <sendWeightedInput>true</sendWeightedInput>
    </org.simbrain.network.interfaces.Synapse>
    <org.simbrain.network.interfaces.Synapse>
      <parentNetwork class="org.simbrain.network.interfaces.RootNetwork" reference="../../.."/>
      <source reference="../../../neuronList/org.simbrain.network.interfaces.Neuron[3]"/>
      <target reference="../../../neuronList/org.simbrain.network.interfaces.Neuron[4]"/>
      <learningRule class="org.simbrain.network.synapses.ClampedSynapse">
        <clipped>false</clipped>
      </learningRule>
      <id>Synapse_15</id>
      <strength>2.610786130503606</strength>
      <increment>1.0</increment>
      <upperBound>10.0</upperBound>
      <lowerBound>-10.0</lowerBound>
      <delay>0</delay>
      <sendWeightedInput>true</sendWeightedInput>
    </org.simbrain.network.interfaces.Synapse>
    <org.simbrain.network.interfaces.Synapse>
      <parentNetwork class="org.simbrain.network.interfaces.RootNetwork" reference="../../.."/>
      <source reference="../../../neuronList/org.simbrain.network.interfaces.Neuron[3]"/>
      <target reference="../../../neuronList/org.simbrain.network.interfaces.Neuron[5]"/>
      <learningRule class="org.simbrain.network.synapses.ClampedSynapse">
        <clipped>false</clipped>
      </learningRule>
      <id>Synapse_16</id>
      <strength>5.981946392963919</strength>
      <increment>1.0</increment>
      <upperBound>10.0</upperBound>
      <lowerBound>-10.0</lowerBound>
      <delay>0</delay>
      <sendWeightedInput>true</sendWeightedInput>
    </org.simbrain.network.interfaces.Synapse>
    <org.simbrain.network.interfaces.Synapse>
      <parentNetwork class="org.simbrain.network.interfaces.RootNetwork" reference="../../.."/>
      <source reference="../../../neuronList/org.simbrain.network.interfaces.Neuron[3]"/>
      <target reference="../../../neuronList/org.simbrain.network.interfaces.Neuron[6]"/>
      <learningRule class="org.simbrain.network.synapses.ClampedSynapse">
        <clipped>false</clipped>
      </learningRule>
      <id>Synapse_17</id>
      <strength>4.208601976190531</strength>
      <increment>1.0</increment>
      <upperBound>10.0</upperBound>
      <lowerBound>-10.0</lowerBound>
      <delay>0</delay>
      <sendWeightedInput>true</sendWeightedInput>
    </org.simbrain.network.interfaces.Synapse>
    <org.simbrain.network.interfaces.Synapse>
      <parentNetwork class="org.simbrain.network.interfaces.RootNetwork" reference="../../.."/>
      <source reference="../../../neuronList/org.simbrain.network.interfaces.Neuron[3]"/>
      <target reference="../../../neuronList/org.simbrain.network.interfaces.Neuron[7]"/>
      <learningRule class="org.simbrain.network.synapses.ClampedSynapse">
        <clipped>false</clipped>
      </learningRule>
      <id>Synapse_18</id>
      <strength>-15.30643003293941</strength>
      <increment>1.0</increment>
      <upperBound>10.0</upperBound>
      <lowerBound>-10.0</lowerBound>
      <delay>0</delay>
      <sendWeightedInput>true</sendWeightedInput>
    </org.simbrain.network.interfaces.Synapse>
    <org.simbrain.network.interfaces.Synapse>
      <parentNetwork class="org.simbrain.network.interfaces.RootNetwork" reference="../../.."/>
      <source reference="../../../neuronList/org.simbrain.network.interfaces.Neuron[3]"/>
      <target reference="../../../neuronList/org.simbrain.network.interfaces.Neuron[8]"/>
      <learningRule class="org.simbrain.network.synapses.ClampedSynapse">
        <clipped>false</clipped>
      </learningRule>
      <id>Synapse_19</id>
      <strength>-5.944125856597236</strength>
      <increment>1.0</increment>
      <upperBound>10.0</upperBound>
      <lowerBound>-10.0</lowerBound>
      <delay>0</delay>
      <sendWeightedInput>true</sendWeightedInput>
    </org.simbrain.network.interfaces.Synapse>
    <org.simbrain.network.interfaces.Synapse>
      <parentNetwork class="org.simbrain.network.interfaces.RootNetwork" reference="../../.."/>
      <source reference="../../../neuronList/org.simbrain.network.interfaces.Neuron[3]"/>
      <target reference="../../../neuronList/org.simbrain.network.interfaces.Neuron[9]"/>
      <learningRule class="org.simbrain.network.synapses.ClampedSynapse">
        <clipped>false</clipped>
      </learningRule>
      <id>Synapse_20</id>
      <strength>-3.3100761225285025</strength>
      <increment>1.0</increment>
      <upperBound>10.0</upperBound>
      <lowerBound>-10.0</lowerBound>
      <delay>0</delay>
      <sendWeightedInput>true</sendWeightedInput>
    </org.simbrain.network.interfaces.Synapse>
    <org.simbrain.network.interfaces.Synapse>
      <parentNetwork class="org.simbrain.network.interfaces.RootNetwork" reference="../../.."/>
      <source reference="../../../neuronList/org.simbrain.network.interfaces.Neuron[3]"/>
      <target reference="../../../neuronList/org.simbrain.network.interfaces.Neuron[10]"/>
      <learningRule class="org.simbrain.network.synapses.ClampedSynapse">
        <clipped>false</clipped>
      </learningRule>
      <id>Synapse_21</id>
      <strength>5.851547410918412</strength>
      <increment>1.0</increment>
      <upperBound>10.0</upperBound>
      <lowerBound>-10.0</lowerBound>
      <delay>0</delay>
      <sendWeightedInput>true</sendWeightedInput>
    </org.simbrain.network.interfaces.Synapse>
    <org.simbrain.network.interfaces.Synapse>
      <parentNetwork class="org.simbrain.network.interfaces.RootNetwork" reference="../../.."/>
      <source reference="../../../neuronList/org.simbrain.network.interfaces.Neuron[4]"/>
      <target reference="../../../neuronList/org.simbrain.network.interfaces.Neuron[11]"/>
      <learningRule class="org.simbrain.network.synapses.ClampedSynapse">
        <clipped>false</clipped>
      </learningRule>
      <id>Synapse_22</id>
      <strength>6.624849146621131</strength>
      <increment>1.0</increment>
      <upperBound>10.0</upperBound>
      <lowerBound>-10.0</lowerBound>
      <delay>0</delay>
      <sendWeightedInput>true</sendWeightedInput>
    </org.simbrain.network.interfaces.Synapse>
    <org.simbrain.network.interfaces.Synapse>
      <parentNetwork class="org.simbrain.network.interfaces.RootNetwork" reference="../../.."/>
      <source reference="../../../neuronList/org.simbrain.network.interfaces.Neuron[4]"/>
      <target reference="../../../neuronList/org.simbrain.network.interfaces.Neuron[12]"/>
      <learningRule class="org.simbrain.network.synapses.ClampedSynapse">
        <clipped>false</clipped>
      </learningRule>
      <id>Synapse_23</id>
      <strength>8.904442696107079</strength>
      <increment>1.0</increment>
      <upperBound>10.0</upperBound>
      <lowerBound>-10.0</lowerBound>
      <delay>0</delay>
      <sendWeightedInput>true</sendWeightedInput>
    </org.simbrain.network.interfaces.Synapse>
    <org.simbrain.network.interfaces.Synapse>
      <parentNetwork class="org.simbrain.network.interfaces.RootNetwork" reference="../../.."/>
      <source reference="../../../neuronList/org.simbrain.network.interfaces.Neuron[4]"/>
      <target reference="../../../neuronList/org.simbrain.network.interfaces.Neuron[13]"/>
      <learningRule class="org.simbrain.network.synapses.ClampedSynapse">
        <clipped>false</clipped>
      </learningRule>
      <id>Synapse_24</id>
      <strength>-1.4410918751702477</strength>
      <increment>1.0</increment>
      <upperBound>10.0</upperBound>
      <lowerBound>-10.0</lowerBound>
      <delay>0</delay>
      <sendWeightedInput>true</sendWeightedInput>
    </org.simbrain.network.interfaces.Synapse>
    <org.simbrain.network.interfaces.Synapse>
      <parentNetwork class="org.simbrain.network.interfaces.RootNetwork" reference="../../.."/>
      <source reference="../../../neuronList/org.simbrain.network.interfaces.Neuron[5]"/>
      <target reference="../../../neuronList/org.simbrain.network.interfaces.Neuron[11]"/>
      <learningRule class="org.simbrain.network.synapses.ClampedSynapse">
        <clipped>false</clipped>
      </learningRule>
      <id>Synapse_25</id>
      <strength>-1.829716359359251</strength>
      <increment>1.0</increment>
      <upperBound>10.0</upperBound>
      <lowerBound>-10.0</lowerBound>
      <delay>0</delay>
      <sendWeightedInput>true</sendWeightedInput>
    </org.simbrain.network.interfaces.Synapse>
    <org.simbrain.network.interfaces.Synapse>
      <parentNetwork class="org.simbrain.network.interfaces.RootNetwork" reference="../../.."/>
      <source reference="../../../neuronList/org.simbrain.network.interfaces.Neuron[5]"/>
      <target reference="../../../neuronList/org.simbrain.network.interfaces.Neuron[12]"/>
      <learningRule class="org.simbrain.network.synapses.ClampedSynapse">
        <clipped>false</clipped>
      </learningRule>
      <id>Synapse_26</id>
      <strength>3.311437827894921</strength>
      <increment>1.0</increment>
      <upperBound>10.0</upperBound>
      <lowerBound>-10.0</lowerBound>
      <delay>0</delay>
      <sendWeightedInput>true</sendWeightedInput>
    </org.simbrain.network.interfaces.Synapse>
    <org.simbrain.network.interfaces.Synapse>
      <parentNetwork class="org.simbrain.network.interfaces.RootNetwork" reference="../../.."/>
      <source reference="../../../neuronList/org.simbrain.network.interfaces.Neuron[5]"/>
      <target reference="../../../neuronList/org.simbrain.network.interfaces.Neuron[13]"/>
      <learningRule class="org.simbrain.network.synapses.ClampedSynapse">
        <clipped>false</clipped>
      </learningRule>
      <id>Synapse_27</id>
      <strength>-11.284535647188282</strength>
      <increment>1.0</increment>
      <upperBound>10.0</upperBound>
      <lowerBound>-10.0</lowerBound>
      <delay>0</delay>
      <sendWeightedInput>true</sendWeightedInput>
    </org.simbrain.network.interfaces.Synapse>
    <org.simbrain.network.interfaces.Synapse>
      <parentNetwork class="org.simbrain.network.interfaces.RootNetwork" reference="../../.."/>
      <source reference="../../../neuronList/org.simbrain.network.interfaces.Neuron[6]"/>
      <target reference="../../../neuronList/org.simbrain.network.interfaces.Neuron[11]"/>
      <learningRule class="org.simbrain.network.synapses.ClampedSynapse">
        <clipped>false</clipped>
      </learningRule>
      <id>Synapse_28</id>
      <strength>4.205940163862419</strength>
      <increment>1.0</increment>
      <upperBound>10.0</upperBound>
      <lowerBound>-10.0</lowerBound>
      <delay>0</delay>
      <sendWeightedInput>true</sendWeightedInput>
    </org.simbrain.network.interfaces.Synapse>
    <org.simbrain.network.interfaces.Synapse>
      <parentNetwork class="org.simbrain.network.interfaces.RootNetwork" reference="../../.."/>
      <source reference="../../../neuronList/org.simbrain.network.interfaces.Neuron[6]"/>
      <target reference="../../../neuronList/org.simbrain.network.interfaces.Neuron[12]"/>
      <learningRule class="org.simbrain.network.synapses.ClampedSynapse">
        <clipped>false</clipped>
      </learningRule>
      <id>Synapse_29</id>
      <strength>-9.938557622372986</strength>
      <increment>1.0</increment>
      <upperBound>10.0</upperBound>
      <lowerBound>-10.0</lowerBound>
      <delay>0</delay>
      <sendWeightedInput>true</sendWeightedInput>
    </org.simbrain.network.interfaces.Synapse>
    <org.simbrain.network.interfaces.Synapse>
      <parentNetwork class="org.simbrain.network.interfaces.RootNetwork" reference="../../.."/>
      <source reference="../../../neuronList/org.simbrain.network.interfaces.Neuron[6]"/>
      <target reference="../../../neuronList/org.simbrain.network.interfaces.Neuron[13]"/>
      <learningRule class="org.simbrain.network.synapses.ClampedSynapse">
        <clipped>false</clipped>
      </learningRule>
      <id>Synapse_30</id>
      <strength>9.663248946975418</strength>
      <increment>1.0</increment>
      <upperBound>10.0</upperBound>
      <lowerBound>-10.0</lowerBound>
      <delay>0</delay>
      <sendWeightedInput>true</sendWeightedInput>
    </org.simbrain.network.interfaces.Synapse>
    <org.simbrain.network.interfaces.Synapse>
      <parentNetwork class="org.simbrain.network.interfaces.RootNetwork" reference="../../.."/>
      <source reference="../../../neuronList/org.simbrain.network.interfaces.Neuron[7]"/>
      <target reference="../../../neuronList/org.simbrain.network.interfaces.Neuron[11]"/>
      <learningRule class="org.simbrain.network.synapses.ClampedSynapse">
        <clipped>false</clipped>
      </learningRule>
      <id>Synapse_31</id>
      <strength>-5.164424877604582</strength>
      <increment>1.0</increment>
      <upperBound>10.0</upperBound>
      <lowerBound>-10.0</lowerBound>
      <delay>0</delay>
      <sendWeightedInput>true</sendWeightedInput>
    </org.simbrain.network.interfaces.Synapse>
    <org.simbrain.network.interfaces.Synapse>
      <parentNetwork class="org.simbrain.network.interfaces.RootNetwork" reference="../../.."/>
      <source reference="../../../neuronList/org.simbrain.network.interfaces.Neuron[7]"/>
      <target reference="../../../neuronList/org.simbrain.network.interfaces.Neuron[12]"/>
      <learningRule class="org.simbrain.network.synapses.ClampedSynapse">
        <clipped>false</clipped>
      </learningRule>
      <id>Synapse_32</id>
      <strength>-6.231929295646613</strength>
      <increment>1.0</increment>
      <upperBound>10.0</upperBound>
      <lowerBound>-10.0</lowerBound>
      <delay>0</delay>
      <sendWeightedInput>true</sendWeightedInput>
    </org.simbrain.network.interfaces.Synapse>
    <org.simbrain.network.interfaces.Synapse>
      <parentNetwork class="org.simbrain.network.interfaces.RootNetwork" reference="../../.."/>
      <source reference="../../../neuronList/org.simbrain.network.interfaces.Neuron[7]"/>
      <target reference="../../../neuronList/org.simbrain.network.interfaces.Neuron[13]"/>
      <learningRule class="org.simbrain.network.synapses.ClampedSynapse">
        <clipped>false</clipped>
      </learningRule>
      <id>Synapse_33</id>
      <strength>-1.8866121101367173</strength>
      <increment>1.0</increment>
      <upperBound>10.0</upperBound>
      <lowerBound>-10.0</lowerBound>
      <delay>0</delay>
      <sendWeightedInput>true</sendWeightedInput>
    </org.simbrain.network.interfaces.Synapse>
    <org.simbrain.network.interfaces.Synapse>
      <parentNetwork class="org.simbrain.network.interfaces.RootNetwork" reference="../../.."/>
      <source reference="../../../neuronList/org.simbrain.network.interfaces.Neuron[8]"/>
      <target reference="../../../neuronList/org.simbrain.network.interfaces.Neuron[11]"/>
      <learningRule class="org.simbrain.network.synapses.ClampedSynapse">
        <clipped>false</clipped>
      </learningRule>
      <id>Synapse_34</id>
      <strength>0.2023595138256447</strength>
      <increment>1.0</increment>
      <upperBound>10.0</upperBound>
      <lowerBound>-10.0</lowerBound>
      <delay>0</delay>
      <sendWeightedInput>true</sendWeightedInput>
    </org.simbrain.network.interfaces.Synapse>
    <org.simbrain.network.interfaces.Synapse>
      <parentNetwork class="org.simbrain.network.interfaces.RootNetwork" reference="../../.."/>
      <source reference="../../../neuronList/org.simbrain.network.interfaces.Neuron[8]"/>
      <target reference="../../../neuronList/org.simbrain.network.interfaces.Neuron[12]"/>
      <learningRule class="org.simbrain.network.synapses.ClampedSynapse">
        <clipped>false</clipped>
      </learningRule>
      <id>Synapse_35</id>
      <strength>4.8305200013575575</strength>
      <increment>1.0</increment>
      <upperBound>10.0</upperBound>
      <lowerBound>-10.0</lowerBound>
      <delay>0</delay>
      <sendWeightedInput>true</sendWeightedInput>
    </org.simbrain.network.interfaces.Synapse>
    <org.simbrain.network.interfaces.Synapse>
      <parentNetwork class="org.simbrain.network.interfaces.RootNetwork" reference="../../.."/>
      <source reference="../../../neuronList/org.simbrain.network.interfaces.Neuron[8]"/>
      <target reference="../../../neuronList/org.simbrain.network.interfaces.Neuron[13]"/>
      <learningRule class="org.simbrain.network.synapses.ClampedSynapse">
        <clipped>false</clipped>
      </learningRule>
      <id>Synapse_36</id>
      <strength>-2.5328819695133893</strength>
      <increment>1.0</increment>
      <upperBound>10.0</upperBound>
      <lowerBound>-10.0</lowerBound>
      <delay>0</delay>
      <sendWeightedInput>true</sendWeightedInput>
    </org.simbrain.network.interfaces.Synapse>
    <org.simbrain.network.interfaces.Synapse>
      <parentNetwork class="org.simbrain.network.interfaces.RootNetwork" reference="../../.."/>
      <source reference="../../../neuronList/org.simbrain.network.interfaces.Neuron[9]"/>
      <target reference="../../../neuronList/org.simbrain.network.interfaces.Neuron[11]"/>
      <learningRule class="org.simbrain.network.synapses.ClampedSynapse">
        <clipped>false</clipped>
      </learningRule>
      <id>Synapse_37</id>
      <strength>-11.634708281804228</strength>
      <increment>1.0</increment>
      <upperBound>10.0</upperBound>
      <lowerBound>-10.0</lowerBound>
      <delay>0</delay>
      <sendWeightedInput>true</sendWeightedInput>
    </org.simbrain.network.interfaces.Synapse>
    <org.simbrain.network.interfaces.Synapse>
      <parentNetwork class="org.simbrain.network.interfaces.RootNetwork" reference="../../.."/>
      <source reference="../../../neuronList/org.simbrain.network.interfaces.Neuron[9]"/>
      <target reference="../../../neuronList/org.simbrain.network.interfaces.Neuron[12]"/>
      <learningRule class="org.simbrain.network.synapses.ClampedSynapse">
        <clipped>false</clipped>
      </learningRule>
      <id>Synapse_38</id>
      <strength>-6.766160915304765</strength>
      <increment>1.0</increment>
      <upperBound>10.0</upperBound>
      <lowerBound>-10.0</lowerBound>
      <delay>0</delay>
      <sendWeightedInput>true</sendWeightedInput>
    </org.simbrain.network.interfaces.Synapse>
    <org.simbrain.network.interfaces.Synapse>
      <parentNetwork class="org.simbrain.network.interfaces.RootNetwork" reference="../../.."/>
      <source reference="../../../neuronList/org.simbrain.network.interfaces.Neuron[9]"/>
      <target reference="../../../neuronList/org.simbrain.network.interfaces.Neuron[13]"/>
      <learningRule class="org.simbrain.network.synapses.ClampedSynapse">
        <clipped>false</clipped>
      </learningRule>
      <id>Synapse_39</id>
      <strength>7.087642369997618</strength>
      <increment>1.0</increment>
      <upperBound>10.0</upperBound>
      <lowerBound>-10.0</lowerBound>
      <delay>0</delay>
      <sendWeightedInput>true</sendWeightedInput>
    </org.simbrain.network.interfaces.Synapse>
    <org.simbrain.network.interfaces.Synapse>
      <parentNetwork class="org.simbrain.network.interfaces.RootNetwork" reference="../../.."/>
      <source reference="../../../neuronList/org.simbrain.network.interfaces.Neuron[10]"/>
      <target reference="../../../neuronList/org.simbrain.network.interfaces.Neuron[11]"/>
      <learningRule class="org.simbrain.network.synapses.ClampedSynapse">
        <clipped>false</clipped>
      </learningRule>
      <id>Synapse_40</id>
      <strength>-1.1038743889513125</strength>
      <increment>1.0</increment>
      <upperBound>10.0</upperBound>
      <lowerBound>-10.0</lowerBound>
      <delay>0</delay>
      <sendWeightedInput>true</sendWeightedInput>
    </org.simbrain.network.interfaces.Synapse>
    <org.simbrain.network.interfaces.Synapse>
      <parentNetwork class="org.simbrain.network.interfaces.RootNetwork" reference="../../.."/>
      <source reference="../../../neuronList/org.simbrain.network.interfaces.Neuron[10]"/>
      <target reference="../../../neuronList/org.simbrain.network.interfaces.Neuron[12]"/>
      <learningRule class="org.simbrain.network.synapses.ClampedSynapse">
        <clipped>false</clipped>
      </learningRule>
      <id>Synapse_41</id>
      <strength>-9.678635060325922</strength>
      <increment>1.0</increment>
      <upperBound>10.0</upperBound>
      <lowerBound>-10.0</lowerBound>
      <delay>0</delay>
      <sendWeightedInput>true</sendWeightedInput>
    </org.simbrain.network.interfaces.Synapse>
    <org.simbrain.network.interfaces.Synapse>
      <parentNetwork class="org.simbrain.network.interfaces.RootNetwork" reference="../../.."/>
      <source reference="../../../neuronList/org.simbrain.network.interfaces.Neuron[10]"/>
      <target reference="../../../neuronList/org.simbrain.network.interfaces.Neuron[13]"/>
      <learningRule class="org.simbrain.network.synapses.ClampedSynapse">
        <clipped>false</clipped>
      </learningRule>
      <id>Synapse_42</id>
      <strength>-0.8359800897974882</strength>
      <increment>1.0</increment>
      <upperBound>10.0</upperBound>
      <lowerBound>-10.0</lowerBound>
      <delay>0</delay>
      <sendWeightedInput>true</sendWeightedInput>
    </org.simbrain.network.interfaces.Synapse>
  </synapseList>
  <networkList/>
  <groupList/>
  <timeStep defined-in="org.simbrain.network.interfaces.Network">0.2</timeStep>
  <roundOffActivationValues>false</roundOffActivationValues>
  <precision>0</precision>
  <updatePriority>0</updatePriority>
  <time>0.0</time>
  <timeStep>0.01</timeStep>
  <clampWeights>false</clampWeights>
  <clampNeurons>false</clampNeurons>
  <timeType>DISCRETE</timeType>
  <updateMethod>BUFFERED</updateMethod>
  <textList/>
  <prioritySortedNeuronList/>
  <priorityComparator>
    <outer-class reference="../.."/>
  </priorityComparator>
  <networkIdGenerator>
    <rootName>Network</rootName>
    <index>1</index>
  </networkIdGenerator>
  <neuronIdGenerator>
    <rootName>Neuron</rootName>
    <index>14</index>
  </neuronIdGenerator>
  <synapseIdGenerator>
    <rootName>Synapse</rootName>
    <index>43</index>
  </synapseIdGenerator>
  <groupIdGenerator>
    <rootName>Group</rootName>
    <index>4</index>
  </groupIdGenerator>
</org.simbrain.network.interfaces.RootNetwork>