<Workspace>
  <archivedComponents>
    <Component>
      <className>org.simbrain.network.NetworkComponent</className>
      <name>STDP.xml</name>
      <uri>components/0_STDP.xml.xml</uri>
      <id>0</id>
      <format>xml</format>
      <desktopComponent>
        <className>org.simbrain.network.desktop.NetworkDesktopComponent</className>
        <uri>guis/0_STDP.xml.xml</uri>
        <format>xml</format>
      </desktopComponent>
    </Component>
    <Component>
      <className>org.simbrain.world.dataworld.DataWorldComponent</className>
      <name>DataWorld1</name>
      <uri>components/1_DataWorld1.xml</uri>
      <id>1</id>
      <format>xml</format>
      <desktopComponent>
        <className>org.simbrain.world.dataworld.DataWorldDesktopComponent</className>
        <uri>guis/1_DataWorld1.xml</uri>
        <format>xml</format>
      </desktopComponent>
    </Component>
  </archivedComponents>
  <archivedCouplings>
    <Coupling>
      <archivedProducer>
        <parentComponentRef>components/1_DataWorld1.xml</parentComponentRef>
        <baseObjectKey>consumerList:0</baseObjectKey>
        <methodBaseName>getValue</methodBaseName>
        <dataType>double</dataType>
        <description>Column_1:getValue &lt;double&gt;</description>
      </archivedProducer>
      <archivedConsumer>
        <parentComponentRef>components/0_STDP.xml.xml</parentComponentRef>
        <baseObjectKey>Neuron_3</baseObjectKey>
        <methodBaseName>setInputValue</methodBaseName>
        <dataType>double</dataType>
        <argumentDataTypes>
          <java-class>double</java-class>
        </argumentDataTypes>
        <description>Neuron_3:setInputValue &lt;double&gt;</description>
      </archivedConsumer>
    </Coupling>
    <Coupling>
      <archivedProducer>
        <parentComponentRef>components/1_DataWorld1.xml</parentComponentRef>
        <baseObjectKey>consumerList:1</baseObjectKey>
        <methodBaseName>getValue</methodBaseName>
        <dataType>double</dataType>
        <description>Column_2:getValue &lt;double&gt;</description>
      </archivedProducer>
      <archivedConsumer>
        <parentComponentRef>components/0_STDP.xml.xml</parentComponentRef>
        <baseObjectKey>Neuron_4</baseObjectKey>
        <methodBaseName>setInputValue</methodBaseName>
        <dataType>double</dataType>
        <argumentDataTypes>
          <java-class>double</java-class>
        </argumentDataTypes>
        <description>Neuron_4:setInputValue &lt;double&gt;</description>
      </archivedConsumer>
    </Coupling>
  </archivedCouplings>
  <workspaceParameters>
    <updateDelay>0</updateDelay>
  </workspaceParameters>
</Workspace>