<org.simbrain.plot.projection.ProjectionModel>
  <projector>
    <projectorSettings>
      <tolerance>0.05</tolerance>
      <perturbationAmount>0.1</perturbationAmount>
      <sammonAddMethod>REFRESH</sammonAddMethod>
      <epsilon>3.0</epsilon>
      <hiD1>0</hiD1>
      <hiD2>1</hiD2>
      <autoFind>true</autoFind>
    </projectorSettings>
    <currentProjectionMethod class="org.simbrain.util.projection.ProjectPCA">
      <upstairs>
        <persistentData>
          <string> 0.00, 0.00, 0.00, 0.00</string>
          <string> 0.34, -0.08, -0.91, -0.10</string>
          <string> 0.58, 0.55, -0.59, 0.50</string>
          <string> 1.00, 1.00, -1.00, -0.05</string>
          <string> 1.00, 1.00, -1.00, -1.00</string>
          <string> 0.01, 0.28, 0.28, -0.32</string>
          <string> 0.77, -0.26, -0.34, -0.60</string>
          <string> -0.14, -0.25, 0.70, -0.53</string>
          <string> -1.00, -1.00, 1.00, -1.00</string>
          <string> 0.13, -0.97, 0.68, -0.11</string>
          <string> 1.00, 1.00, -1.00, 1.00</string>
          <string> 0.67, -0.28, -0.58, 0.77</string>
          <string> 1.00, 1.00, -1.00, -0.52</string>
          <string> 0.70, 0.22, -0.97, 0.97</string>
          <string> 1.00, 1.00, -1.00, 0.67</string>
          <string> -0.76, -0.79, -0.64, 0.40</string>
          <string> -1.00, -1.00, 1.00, 1.00</string>
          <string> -1.00, -1.00, 1.00, 0.79</string>
          <string> 0.05, 0.20, 0.17, -0.45</string>
          <string> 0.11, -0.85, -0.94, -1.00</string>
          <string> -1.00, -1.00, -1.00, -1.00</string>
          <string> -0.39, -0.20, -0.11, 0.57</string>
          <string> -1.00, -0.82, 1.00, 1.00</string>
          <string> -1.00, -1.00, 1.00, 0.40</string>
          <string> -0.40, 0.02, -0.13, 0.28</string>
          <string> -1.00, -0.23, 1.00, 1.00</string>
          <string> 0.56, 0.40, 0.93, 0.25</string>
          <string> 1.00, 1.00, 0.10, 1.00</string>
          <string> 0.85, 0.46, 0.07, 0.33</string>
          <string> 1.00, 1.00, -1.00, -0.59</string>
          <string> -0.68, 0.19, 0.80, 0.93</string>
          <string> 0.17, 0.47, 0.10, -0.40</string>
          <string> -0.01, 0.40, -0.75, -0.65</string>
          <string> -0.54, 0.85, 0.95, -0.71</string>
          <string> -0.46, 0.11, -0.17, 0.50</string>
          <string> 0.04, 1.00, 1.00, 1.00</string>
          <string> 1.00, 1.00, 1.00, 1.00</string>
          <string> 0.14, -0.46, 0.00, -0.08</string>
          <string> -1.00, -1.00, 0.90, -1.00</string>
          <string> 0.40, 0.02, 0.96, -0.56</string>
          <string> -0.57, -0.29, -0.13, -0.46</string>
          <string> -1.00, 1.00, -0.23, 1.00</string>
          <string> 0.33, -0.81, 0.23, 0.17</string>
          <string> -1.00, -0.26, 1.00, -1.00</string>
          <string> 0.56, -1.00, -0.46, -0.39</string>
          <string> 0.80, -0.81, 0.79, 0.02</string>
          <string> -0.83, -0.57, -0.22, -0.05</string>
          <string> -0.35, -0.02, 0.89, -0.92</string>
          <string> -0.41, -0.40, 0.28, -0.83</string>
          <string> -0.26, -0.34, -0.02, 0.75</string>
          <string> -0.90, 0.56, -0.93, -0.94</string>
          <string> -1.00, -0.41, -1.00, -1.00</string>
          <string> -1.00, -1.00, 0.70, -1.00</string>
          <string> 0.33, -0.46, 0.81, 0.52</string>
          <string> -0.07, 0.47, -0.40, -0.46</string>
          <string> 0.34, -0.23, 0.64, 0.64</string>
          <string> 0.34, -0.02, 1.00, 1.00</string>
          <string> -0.34, -0.64, -0.69, 0.88</string>
          <string> -1.00, -0.16, 1.00, 1.00</string>
          <string> 0.33, 1.00, 0.57, -0.23</string>
          <string> 1.00, 1.00, -1.00, 0.79</string>
          <string> 1.00, 1.00, -1.00, -0.17</string>
          <string> 0.33, 0.01, -1.00, 0.11</string>
          <string> -0.51, 1.00, -1.00, -1.00</string>
          <string> -0.93, 0.35, 0.68, -0.34</string>
          <string> -0.63, -0.13, -0.08, 0.20</string>
          <string> 0.20, -1.00, -0.90, -0.80</string>
          <string> -0.94, -0.78, -0.22, 0.81</string>
          <string> -0.59, -0.34, 0.89, 0.14</string>
          <string> -1.00, 0.22, -0.85, -0.34</string>
          <string> -1.00, -0.83, -0.67, -0.20</string>
          <string> -1.00, -1.00, 1.00, -0.58</string>
          <string> -0.22, 0.90, -0.45, -0.05</string>
          <string> 0.28, 0.00, -0.77, -0.46</string>
          <string> 1.00, -0.51, -1.00, -1.00</string>
          <string> -0.28, 1.00, 0.83, 0.63</string>
          <string> 0.46, 0.69, -0.69, -0.28</string>
          <string> -0.81, -0.60, 0.40, 0.00</string>
          <string> -0.56, -0.58, 0.01, 0.63</string>
          <string> -0.11, 0.60, -0.04, 0.34</string>
          <string> 0.17, 0.20, -0.34, 0.34</string>
          <string> 1.00, 1.00, -1.00, 0.92</string>
          <string> 0.02, 0.89, -0.93, -0.65</string>
          <string> -0.65, -0.68, -0.57, -0.39</string>
          <string> 0.16, -1.00, 0.94, -0.19</string>
          <string> 0.50, -0.20, 0.63, 0.38</string>
          <string> 0.68, -0.07, 1.00, 1.00</string>
          <string> -0.92, -0.81, -0.81, -0.66</string>
          <string> 0.90, 0.29, 0.14, 0.93</string>
          <string> 1.00, -0.08, -0.41, 1.00</string>
          <string> 0.34, 1.00, -1.00, 0.14</string>
          <string> 0.52, -0.82, -0.05, -0.80</string>
          <string> 0.20, -0.28, 0.75, -0.58</string>
          <string> -0.14, -0.20, -0.56, -0.17</string>
          <string> -1.00, -0.68, -1.00, -1.00</string>
          <string> -0.35, -0.19, 0.46, -0.28</string>
          <string> -1.00, -1.00, 1.00, 0.68</string>
          <string> 0.53, -0.93, -0.93, 0.07</string>
          <string> -1.00, 0.34, -1.00, -1.00</string>
          <string> 0.92, -0.81, 0.34, 0.90</string>
          <string> 0.57, 1.00, 1.00, 0.81</string>
          <string> 1.00, 1.00, -0.92, 1.00</string>
          <string> 0.20, -0.97, 0.76, 0.56</string>
          <string> 0.58, -0.66, -0.90, 0.00</string>
          <string> 0.67, 0.38, -0.96, -0.60</string>
          <string> -0.64, -0.65, 0.94, 0.93</string>
          <string> -0.47, -0.22, 0.84, 0.05</string>
          <string> 0.51, 0.07, -0.40, 0.50</string>
          <string> -0.25, -0.46, -0.23, -0.45</string>
          <string> 0.56, -0.07, 0.70, 0.89</string>
          <string> 0.34, -0.56, 0.64, -0.68</string>
          <string> 0.01, 0.56, -0.97, 0.28</string>
          <string> 1.00, 1.00, -1.00, 0.22</string>
          <string> -0.82, 0.33, -0.02, 0.56</string>
          <string> -0.80, 0.17, 1.00, 1.00</string>
          <string> -0.65, -0.22, -0.55, 0.84</string>
          <string> -1.00, 0.68, 1.00, 1.00</string>
          <string> -0.55, -0.89, 1.00, 1.00</string>
          <string> 0.01, -0.57, -0.79, 0.20</string>
          <string> -1.00, 0.05, -1.00, -1.00</string>
          <string> -0.83, 0.56, -0.41, 0.51</string>
        </persistentData>
        <dimensions>4</dimensions>
      </upstairs>
      <downstairs>
        <persistentData>
          <string> 0.00, 0.00</string>
          <string> -0.74, -0.40</string>
          <string> -0.97, 0.47</string>
          <string> -1.72, 0.15</string>
          <string> -1.77, -0.56</string>
          <string> 0.01, -0.01</string>
          <string> -0.54, -0.43</string>
          <string> 0.64, -0.19</string>
          <string> 1.66, -0.94</string>
          <string> 0.87, -0.02</string>
          <string> -1.66, 0.94</string>
          <string> -0.56, 0.45</string>
          <string> -1.74, -0.20</string>
          <string> -1.09, 0.59</string>
          <string> -1.68, 0.69</string>
          <string> 0.42, -0.50</string>
          <string> 1.77, 0.56</string>
          <string> 1.76, 0.40</string>
          <string> -0.04, -0.18</string>
          <string> -0.30, -1.42</string>
          <string> 0.34, -1.87</string>
          <string> 0.27, 0.19</string>
          <string> 1.68, 0.61</string>
          <string> 1.74, 0.11</string>
          <string> 0.14, 0.02</string>
          <string> 1.38, 0.80</string>
          <string> 0.10, 0.94</string>
          <string> -0.93, 1.45</string>
          <string> -0.64, 0.71</string>
          <string> -1.75, -0.26</string>
          <string> 0.86, 0.90</string>
          <string> -0.29, -0.05</string>
          <string> -0.73, -0.71</string>
          <string> 0.44, -0.01</string>
          <string> 0.11, 0.17</string>
          <string> 0.17, 1.54</string>
          <string> -0.34, 1.87</string>
          <string> 0.16, -0.15</string>
          <string> 1.59, -0.99</string>
          <string> 0.37, 0.17</string>
          <string> 0.36, -0.69</string>
          <string> -0.05, 0.61</string>
          <string> 0.39, 0.09</string>
          <string> 1.28, -0.71</string>
          <string> -0.11, -0.62</string>
          <string> 0.49, 0.40</string>
          <string> 0.61, -0.60</string>
          <string> 0.73, -0.41</string>
          <string> 0.58, -0.77</string>
          <string> 0.35, 0.35</string>
          <string> -0.46, -1.28</string>
          <string> 0.04, -1.69</string>
          <string> 1.47, -1.08</string>
          <string> 0.62, 0.73</string>
          <string> -0.49, -0.41</string>
          <string> 0.38, 0.82</string>
          <string> 0.53, 1.32</string>
          <string> 0.11, 0.02</string>
          <string> 1.34, 0.82</string>
          <string> -0.32, 0.51</string>
          <string> -1.67, 0.78</string>
          <string> -1.72, 0.06</string>
          <string> -0.83, -0.26</string>
          <string> -0.94, -1.08</string>
          <string> 0.75, -0.15</string>
          <string> 0.37, -0.14</string>
          <string> -0.23, -1.26</string>
          <string> 0.82, -0.05</string>
          <string> 1.09, 0.20</string>
          <string> -0.14, -0.92</string>
          <string> 0.52, -1.06</string>
          <string> 1.68, -0.63</string>
          <string> -0.64, -0.04</string>
          <string> -0.69, -0.61</string>
          <string> -1.00, -1.03</string>
          <string> 0.22, 1.08</string>
          <string> -1.08, -0.16</string>
          <string> 1.02, -0.28</string>
          <string> 0.65, 0.10</string>
          <string> -0.25, 0.39</string>
          <string> -0.40, 0.22</string>
          <string> -1.66, 0.88</string>
          <string> -1.11, -0.63</string>
          <string> 0.30, -0.99</string>
          <string> 1.03, 0.03</string>
          <string> 0.26, 0.68</string>
          <string> 0.37, 1.42</string>
          <string> 0.35, -1.44</string>
          <string> -0.50, 1.16</string>
          <string> -0.72, 0.87</string>
          <string> -1.35, 0.07</string>
          <string> 0.06, -0.70</string>
          <string> 0.49, -0.12</string>
          <string> -0.19, -0.49</string>
          <string> 0.18, -1.77</string>
          <string> 0.58, -0.18</string>
          <string> 1.75, 0.33</string>
          <string> -0.41, -0.48</string>
          <string> -0.34, -1.45</string>
          <string> 0.19, 0.90</string>
          <string> -0.12, 1.58</string>
          <string> -1.60, 0.98</string>
          <string> 0.92, 0.53</string>
          <string> -0.57, -0.42</string>
          <string> -1.23, -0.56</string>
          <string> 1.36, 0.72</string>
          <string> 0.93, 0.19</string>
          <string> -0.54, 0.38</string>
          <string> 0.20, -0.67</string>
          <string> 0.24, 1.17</string>
          <string> 0.47, -0.27</string>
          <string> -0.92, -0.05</string>
          <string> -1.70, 0.35</string>
          <string> 0.30, 0.23</string>
          <string> 1.06, 0.99</string>
          <string> 0.15, 0.09</string>
          <string> 0.91, 1.08</string>
          <string> 1.47, 0.75</string>
          <string> -0.21, -0.39</string>
          <string> -0.19, -1.54</string>
          <string> -0.07, 0.07</string>
        </persistentData>
        <dimensions>2</dimensions>
      </downstairs>
      <theSettings reference="../../projectorSettings"/>
    </currentProjectionMethod>
    <defaultProjectionMethod>PCA</defaultProjectionMethod>
    <error>0.0</error>
    <currentPoint>
      <double>1.0</double>
      <double>1.0</double>
      <double>-1.0</double>
      <double>1.0</double>
    </currentPoint>
  </projector>
  <dataset serialization="custom">
    <org.jfree.data.general.AbstractDataset>
      <default>
        <group>
          <id>NOID</id>
        </group>
      </default>
    </org.jfree.data.general.AbstractDataset>
    <org.jfree.data.xy.XYSeriesCollection>
      <default>
        <data>
          <org.jfree.data.xy.XYSeries>
            <data>
              <org.jfree.data.xy.XYDataItem>
                <x class="double">0.0</x>
                <y class="double">0.0</y>
              </org.jfree.data.xy.XYDataItem>
              <org.jfree.data.xy.XYDataItem>
                <x class="double">-0.7492790637189873</x>
                <y class="double">-0.4057092587153423</y>
              </org.jfree.data.xy.XYDataItem>
              <org.jfree.data.xy.XYDataItem>
                <x class="double">-0.9717889970523342</x>
                <y class="double">0.47329738398833887</y>
              </org.jfree.data.xy.XYDataItem>
              <org.jfree.data.xy.XYDataItem>
                <x class="double">-1.7222880725420882</x>
                <y class="double">0.15309973736508137</y>
              </org.jfree.data.xy.XYDataItem>
              <org.jfree.data.xy.XYDataItem>
                <x class="double">-1.7768053653712346</x>
                <y class="double">-0.5646914528704015</y>
              </org.jfree.data.xy.XYDataItem>
              <org.jfree.data.xy.XYDataItem>
                <x class="double">0.011238284879045893</x>
                <y class="double">-0.018204717225807382</y>
              </org.jfree.data.xy.XYDataItem>
              <org.jfree.data.xy.XYDataItem>
                <x class="double">-0.5471727826514512</x>
                <y class="double">-0.43586064480804215</y>
              </org.jfree.data.xy.XYDataItem>
              <org.jfree.data.xy.XYDataItem>
                <x class="double">0.6415074962649491</x>
                <y class="double">-0.1973838351988865</y>
              </org.jfree.data.xy.XYDataItem>
              <org.jfree.data.xy.XYDataItem>
                <x class="double">1.6620321173098738</x>
                <y class="double">-0.9464478949937729</y>
              </org.jfree.data.xy.XYDataItem>
              <org.jfree.data.xy.XYDataItem>
                <x class="double">0.8794160495613713</x>
                <y class="double">-0.02448941848789897</y>
              </org.jfree.data.xy.XYDataItem>
              <org.jfree.data.xy.XYDataItem>
                <x class="double">-1.6620321173098738</x>
                <y class="double">0.9464478949937729</y>
              </org.jfree.data.xy.XYDataItem>
              <org.jfree.data.xy.XYDataItem>
                <x class="double">-0.5672104512318504</x>
                <y class="double">0.45052188180451813</y>
              </org.jfree.data.xy.XYDataItem>
              <org.jfree.data.xy.XYDataItem>
                <x class="double">-1.749259785836508</x>
                <y class="double">-0.20201800938299963</y>
              </org.jfree.data.xy.XYDataItem>
              <org.jfree.data.xy.XYDataItem>
                <x class="double">-1.090318502210715</x>
                <y class="double">0.5980990305798014</y>
              </org.jfree.data.xy.XYDataItem>
              <org.jfree.data.xy.XYDataItem>
                <x class="double">-1.6809697032399982</x>
                <y class="double">0.6971099025961842</y>
              </org.jfree.data.xy.XYDataItem>
              <org.jfree.data.xy.XYDataItem>
                <x class="double">0.42481869692710816</x>
                <y class="double">-0.5008366426119367</y>
              </org.jfree.data.xy.XYDataItem>
              <org.jfree.data.xy.XYDataItem>
                <x class="double">1.7768053653712346</x>
                <y class="double">0.5646914528704015</y>
              </org.jfree.data.xy.XYDataItem>
              <org.jfree.data.xy.XYDataItem>
                <x class="double">1.7647541743247916</x>
                <y class="double">0.40602182134466314</y>
              </org.jfree.data.xy.XYDataItem>
              <org.jfree.data.xy.XYDataItem>
                <x class="double">-0.04423183309430722</x>
                <y class="double">-0.18176121598848427</y>
              </org.jfree.data.xy.XYDataItem>
              <org.jfree.data.xy.XYDataItem>
                <x class="double">-0.3004082640638567</x>
                <y class="double">-1.4262154044597382</y>
              </org.jfree.data.xy.XYDataItem>
              <org.jfree.data.xy.XYDataItem>
                <x class="double">0.34731002417317786</x>
                <y class="double">-1.8730803712951245</y>
              </org.jfree.data.xy.XYDataItem>
              <org.jfree.data.xy.XYDataItem>
                <x class="double">0.2775723235289911</x>
                <y class="double">0.1913738804485297</y>
              </org.jfree.data.xy.XYDataItem>
              <org.jfree.data.xy.XYDataItem>
                <x class="double">1.6894748405182567</x>
                <y class="double">0.6176993272164196</y>
              </org.jfree.data.xy.XYDataItem>
              <org.jfree.data.xy.XYDataItem>
                <x class="double">1.7429472571931333</x>
                <y class="double">0.11890534525046997</y>
              </org.jfree.data.xy.XYDataItem>
              <org.jfree.data.xy.XYDataItem>
                <x class="double">0.14025049554006702</x>
                <y class="double">0.028166941532994344</y>
              </org.jfree.data.xy.XYDataItem>
              <org.jfree.data.xy.XYDataItem>
                <x class="double">1.3812494586842174</x>
                <y class="double">0.8047859425553076</y>
              </org.jfree.data.xy.XYDataItem>
              <org.jfree.data.xy.XYDataItem>
                <x class="double">0.10251297845182013</x>
                <y class="double">0.9427775976238262</y>
              </org.jfree.data.xy.XYDataItem>
              <org.jfree.data.xy.XYDataItem>
                <x class="double">-0.9389349660846911</x>
                <y class="double">1.4560957569595163</y>
              </org.jfree.data.xy.XYDataItem>
              <org.jfree.data.xy.XYDataItem>
                <x class="double">-0.6429331704248289</x>
                <y class="double">0.7196529537648417</y>
              </org.jfree.data.xy.XYDataItem>
              <org.jfree.data.xy.XYDataItem>
                <x class="double">-1.7538507157589625</x>
                <y class="double">-0.2624635832975666</y>
              </org.jfree.data.xy.XYDataItem>
              <org.jfree.data.xy.XYDataItem>
                <x class="double">0.8605881798797492</x>
                <y class="double">0.9038880096572087</y>
              </org.jfree.data.xy.XYDataItem>
              <org.jfree.data.xy.XYDataItem>
                <x class="double">-0.29759199992127294</x>
                <y class="double">-0.055577466505894624</y>
              </org.jfree.data.xy.XYDataItem>
              <org.jfree.data.xy.XYDataItem>
                <x class="double">-0.7354592808823087</x>
                <y class="double">-0.7141887805237657</y>
              </org.jfree.data.xy.XYDataItem>
              <org.jfree.data.xy.XYDataItem>
                <x class="double">0.44406683296775695</x>
                <y class="double">-0.015956148790390867</y>
              </org.jfree.data.xy.XYDataItem>
              <org.jfree.data.xy.XYDataItem>
                <x class="double">0.11267436095159855</x>
                <y class="double">0.17582390981468587</y>
              </org.jfree.data.xy.XYDataItem>
              <org.jfree.data.xy.XYDataItem>
                <x class="double">0.17910475187367708</x>
                <y class="double">1.544392274993478</y>
              </org.jfree.data.xy.XYDataItem>
              <org.jfree.data.xy.XYDataItem>
                <x class="double">-0.34731002417317786</x>
                <y class="double">1.8730803712951245</y>
              </org.jfree.data.xy.XYDataItem>
              <org.jfree.data.xy.XYDataItem>
                <x class="double">0.16008346434071005</x>
                <y class="double">-0.15906307521937238</y>
              </org.jfree.data.xy.XYDataItem>
              <org.jfree.data.xy.XYDataItem>
                <x class="double">1.596296012653039</x>
                <y class="double">-0.9927795188088404</y>
              </org.jfree.data.xy.XYDataItem>
              <org.jfree.data.xy.XYDataItem>
                <x class="double">0.37040654904963743</x>
                <y class="double">0.17291116191097766</y>
              </org.jfree.data.xy.XYDataItem>
              <org.jfree.data.xy.XYDataItem>
                <x class="double">0.36030016833732964</x>
                <y class="double">-0.6999188601533699</y>
              </org.jfree.data.xy.XYDataItem>
              <org.jfree.data.xy.XYDataItem>
                <x class="double">-0.05916666135463128</x>
                <y class="double">0.6184345310746966</y>
              </org.jfree.data.xy.XYDataItem>
              <org.jfree.data.xy.XYDataItem>
                <x class="double">0.39609795300578254</x>
                <y class="double">0.09542918173930254</y>
              </org.jfree.data.xy.XYDataItem>
              <org.jfree.data.xy.XYDataItem>
                <x class="double">1.2818874797145585</x>
                <y class="double">-0.7157077360758112</y>
              </org.jfree.data.xy.XYDataItem>
              <org.jfree.data.xy.XYDataItem>
                <x class="double">-0.11813318109733857</x>
                <y class="double">-0.6278739451050109</y>
              </org.jfree.data.xy.XYDataItem>
              <org.jfree.data.xy.XYDataItem>
                <x class="double">0.4978882447065159</x>
                <y class="double">0.40247103782821564</y>
              </org.jfree.data.xy.XYDataItem>
              <org.jfree.data.xy.XYDataItem>
                <x class="double">0.611075370033999</x>
                <y class="double">-0.6081605351812853</y>
              </org.jfree.data.xy.XYDataItem>
              <org.jfree.data.xy.XYDataItem>
                <x class="double">0.7399353577496423</x>
                <y class="double">-0.41226690468783245</y>
              </org.jfree.data.xy.XYDataItem>
              <org.jfree.data.xy.XYDataItem>
                <x class="double">0.583357081426142</x>
                <y class="double">-0.771960379652801</y>
              </org.jfree.data.xy.XYDataItem>
              <org.jfree.data.xy.XYDataItem>
                <x class="double">0.35226155500752293</x>
                <y class="double">0.35925737899000465</y>
              </org.jfree.data.xy.XYDataItem>
              <org.jfree.data.xy.XYDataItem>
                <x class="double">-0.460026236638887</x>
                <y class="double">-1.2822062076821095</y>
              </org.jfree.data.xy.XYDataItem>
              <org.jfree.data.xy.XYDataItem>
                <x class="double">0.04935882173360645</x>
                <y class="double">-1.6922299764675328</y>
              </org.jfree.data.xy.XYDataItem>
              <org.jfree.data.xy.XYDataItem>
                <x class="double">1.4713974138050527</x>
                <y class="double">-1.0808096040574688</y>
              </org.jfree.data.xy.XYDataItem>
              <org.jfree.data.xy.XYDataItem>
                <x class="double">0.6227916287202068</x>
                <y class="double">0.7346177344349616</y>
              </org.jfree.data.xy.XYDataItem>
              <org.jfree.data.xy.XYDataItem>
                <x class="double">-0.498112026635574</x>
                <y class="double">-0.4147417900925694</y>
              </org.jfree.data.xy.XYDataItem>
              <org.jfree.data.xy.XYDataItem>
                <x class="double">0.3836695184526774</x>
                <y class="double">0.8282046496297032</y>
              </org.jfree.data.xy.XYDataItem>
              <org.jfree.data.xy.XYDataItem>
                <x class="double">0.5385832834769019</x>
                <y class="double">1.329060059011633</y>
              </org.jfree.data.xy.XYDataItem>
              <org.jfree.data.xy.XYDataItem>
                <x class="double">0.11104329093921317</x>
                <y class="double">0.02118668821664127</y>
              </org.jfree.data.xy.XYDataItem>
              <org.jfree.data.xy.XYDataItem>
                <x class="double">1.3452898308035794</x>
                <y class="double">0.8266127143448445</y>
              </org.jfree.data.xy.XYDataItem>
              <org.jfree.data.xy.XYDataItem>
                <x class="double">-0.3265935655069201</x>
                <y class="double">0.519739951791516</y>
              </org.jfree.data.xy.XYDataItem>
              <org.jfree.data.xy.XYDataItem>
                <x class="double">-1.6740833083563167</x>
                <y class="double">0.7877782634680346</y>
              </org.jfree.data.xy.XYDataItem>
              <org.jfree.data.xy.XYDataItem>
                <x class="double">-1.7291744674257699</x>
                <y class="double">0.06243137649323088</y>
              </org.jfree.data.xy.XYDataItem>
              <org.jfree.data.xy.XYDataItem>
                <x class="double">-0.8371406868883134</x>
                <y class="double">-0.2640989306588071</y>
              </org.jfree.data.xy.XYDataItem>
              <org.jfree.data.xy.XYDataItem>
                <x class="double">-0.9487987905475357</x>
                <y class="double">-1.0816904376781995</y>
              </org.jfree.data.xy.XYDataItem>
              <org.jfree.data.xy.XYDataItem>
                <x class="double">0.7519492784507057</x>
                <y class="double">-0.15555896802265817</y>
              </org.jfree.data.xy.XYDataItem>
              <org.jfree.data.xy.XYDataItem>
                <x class="double">0.3711303039254587</x>
                <y class="double">-0.14218836078701785</y>
              </org.jfree.data.xy.XYDataItem>
              <org.jfree.data.xy.XYDataItem>
                <x class="double">-0.23349501642242002</x>
                <y class="double">-1.2647746923165815</y>
              </org.jfree.data.xy.XYDataItem>
              <org.jfree.data.xy.XYDataItem>
                <x class="double">0.8240618866407394</x>
                <y class="double">-0.05083930167456252</y>
              </org.jfree.data.xy.XYDataItem>
              <org.jfree.data.xy.XYDataItem>
                <x class="double">1.096755743545365</x>
                <y class="double">0.20668539742402817</y>
              </org.jfree.data.xy.XYDataItem>
              <org.jfree.data.xy.XYDataItem>
                <x class="double">-0.149509200509551</x>
                <y class="double">-0.9291306619697803</y>
              </org.jfree.data.xy.XYDataItem>
              <org.jfree.data.xy.XYDataItem>
                <x class="double">0.5279550336095332</x>
                <y class="double">-1.0658405094693617</y>
              </org.jfree.data.xy.XYDataItem>
              <org.jfree.data.xy.XYDataItem>
                <x class="double">1.6855606331624526</x>
                <y class="double">-0.6366643286816172</y>
              </org.jfree.data.xy.XYDataItem>
              <org.jfree.data.xy.XYDataItem>
                <x class="double">-0.640383155397612</x>
                <y class="double">-0.04096522325853727</y>
              </org.jfree.data.xy.XYDataItem>
              <org.jfree.data.xy.XYDataItem>
                <x class="double">-0.6921608494162018</x>
                <y class="double">-0.6125800543663122</y>
              </org.jfree.data.xy.XYDataItem>
              <org.jfree.data.xy.XYDataItem>
                <x class="double">-1.0011048210889022</x>
                <y class="double">-1.0355261014732693</y>
              </org.jfree.data.xy.XYDataItem>
              <org.jfree.data.xy.XYDataItem>
                <x class="double">0.228165525547008</x>
                <y class="double">1.0811381987672821</y>
              </org.jfree.data.xy.XYDataItem>
              <org.jfree.data.xy.XYDataItem>
                <x class="double">-1.0880576796552648</x>
                <y class="double">-0.160116778033216</y>
              </org.jfree.data.xy.XYDataItem>
              <org.jfree.data.xy.XYDataItem>
                <x class="double">1.0204693574481465</x>
                <y class="double">-0.28220881158877986</y>
              </org.jfree.data.xy.XYDataItem>
              <org.jfree.data.xy.XYDataItem>
                <x class="double">0.6583742490196377</x>
                <y class="double">0.10151499469637937</y>
              </org.jfree.data.xy.XYDataItem>
              <org.jfree.data.xy.XYDataItem>
                <x class="double">-0.25925323522790034</x>
                <y class="double">0.3984592842435092</y>
              </org.jfree.data.xy.XYDataItem>
              <org.jfree.data.xy.XYDataItem>
                <x class="double">-0.40595212509116063</x>
                <y class="double">0.22285609135653986</y>
              </org.jfree.data.xy.XYDataItem>
              <org.jfree.data.xy.XYDataItem>
                <x class="double">-1.6666230472323282</x>
                <y class="double">0.886002321079206</y>
              </org.jfree.data.xy.XYDataItem>
              <org.jfree.data.xy.XYDataItem>
                <x class="double">-1.1168150364833072</x>
                <y class="double">-0.6376449081103506</y>
              </org.jfree.data.xy.XYDataItem>
              <org.jfree.data.xy.XYDataItem>
                <x class="double">0.3020985803120289</x>
                <y class="double">-0.9979763202158853</y>
              </org.jfree.data.xy.XYDataItem>
              <org.jfree.data.xy.XYDataItem>
                <x class="double">1.039562709389691</x>
                <y class="double">0.03956251201484001</y>
              </org.jfree.data.xy.XYDataItem>
              <org.jfree.data.xy.XYDataItem>
                <x class="double">0.2645118078899939</x>
                <y class="double">0.6878352178399304</y>
              </org.jfree.data.xy.XYDataItem>
              <org.jfree.data.xy.XYDataItem>
                <x class="double">0.37783016544647735</x>
                <y class="double">1.429879875173559</y>
              </org.jfree.data.xy.XYDataItem>
              <org.jfree.data.xy.XYDataItem>
                <x class="double">0.3502474729402449</x>
                <y class="double">-1.4415218273604682</y>
              </org.jfree.data.xy.XYDataItem>
              <org.jfree.data.xy.XYDataItem>
                <x class="double">-0.5022264365928447</x>
                <y class="double">1.1692324680501733</y>
              </org.jfree.data.xy.XYDataItem>
              <org.jfree.data.xy.XYDataItem>
                <x class="double">-0.7259570229989611</x>
                <y class="double">0.8784154055111667</y>
              </org.jfree.data.xy.XYDataItem>
              <org.jfree.data.xy.XYDataItem>
                <x class="double">-1.3549579426945342</x>
                <y class="double">0.07410874354127148</y>
              </org.jfree.data.xy.XYDataItem>
              <org.jfree.data.xy.XYDataItem>
                <x class="double">0.062459756292079574</x>
                <y class="double">-0.7083853167752733</y>
              </org.jfree.data.xy.XYDataItem>
              <org.jfree.data.xy.XYDataItem>
                <x class="double">0.4984685329581838</x>
                <y class="double">-0.12024743969121077</y>
              </org.jfree.data.xy.XYDataItem>
              <org.jfree.data.xy.XYDataItem>
                <x class="double">-0.19836729671197773</x>
                <y class="double">-0.4981998237564527</y>
              </org.jfree.data.xy.XYDataItem>
              <org.jfree.data.xy.XYDataItem>
                <x class="double">0.18292315386169017</x>
                <y class="double">-1.7733008431143842</y>
              </org.jfree.data.xy.XYDataItem>
              <org.jfree.data.xy.XYDataItem>
                <x class="double">0.5807542057175592</x>
                <y class="double">-0.1884918668614263</y>
              </org.jfree.data.xy.XYDataItem>
              <org.jfree.data.xy.XYDataItem>
                <x class="double">1.7590155119217237</x>
                <y class="double">0.3304648539514544</y>
              </org.jfree.data.xy.XYDataItem>
              <org.jfree.data.xy.XYDataItem>
                <x class="double">-0.4150671023622889</x>
                <y class="double">-0.48963336850260614</y>
              </org.jfree.data.xy.XYDataItem>
              <org.jfree.data.xy.XYDataItem>
                <x class="double">-0.34105999525617675</x>
                <y class="double">-1.4552535970382747</y>
              </org.jfree.data.xy.XYDataItem>
              <org.jfree.data.xy.XYDataItem>
                <x class="double">0.19848485605481858</x>
                <y class="double">0.9014811078842128</y>
              </org.jfree.data.xy.XYDataItem>
              <org.jfree.data.xy.XYDataItem>
                <x class="double">-0.12790701821850806</x>
                <y class="double">1.5857210911160577</y>
              </org.jfree.data.xy.XYDataItem>
              <org.jfree.data.xy.XYDataItem>
                <x class="double">-1.609443233584406</x>
                <y class="double">0.9835131940458269</y>
              </org.jfree.data.xy.XYDataItem>
              <org.jfree.data.xy.XYDataItem>
                <x class="double">0.9254959501682951</x>
                <y class="double">0.5381412400724752</y>
              </org.jfree.data.xy.XYDataItem>
              <org.jfree.data.xy.XYDataItem>
                <x class="double">-0.5761027696728661</x>
                <y class="double">-0.4207736653563314</y>
              </org.jfree.data.xy.XYDataItem>
              <org.jfree.data.xy.XYDataItem>
                <x class="double">-1.2352491101076049</x>
                <y class="double">-0.5624291618462423</y>
              </org.jfree.data.xy.XYDataItem>
              <org.jfree.data.xy.XYDataItem>
                <x class="double">1.3627165689399094</x>
                <y class="double">0.7210276588484237</y>
              </org.jfree.data.xy.XYDataItem>
              <org.jfree.data.xy.XYDataItem>
                <x class="double">0.937849582147205</x>
                <y class="double">0.1986548123495967</y>
              </org.jfree.data.xy.XYDataItem>
              <org.jfree.data.xy.XYDataItem>
                <x class="double">-0.5498685842675287</x>
                <y class="double">0.38890066465555984</y>
              </org.jfree.data.xy.XYDataItem>
              <org.jfree.data.xy.XYDataItem>
                <x class="double">0.20151337550767306</x>
                <y class="double">-0.678716128471444</y>
              </org.jfree.data.xy.XYDataItem>
              <org.jfree.data.xy.XYDataItem>
                <x class="double">0.24668478030413848</x>
                <y class="double">1.1713194899396275</y>
              </org.jfree.data.xy.XYDataItem>
              <org.jfree.data.xy.XYDataItem>
                <x class="double">0.4774431347409009</x>
                <y class="double">-0.27204495839704035</y>
              </org.jfree.data.xy.XYDataItem>
              <org.jfree.data.xy.XYDataItem>
                <x class="double">-0.9258693046609091</x>
                <y class="double">-0.05377858903893806</y>
              </org.jfree.data.xy.XYDataItem>
              <org.jfree.data.xy.XYDataItem>
                <x class="double">-1.7067936840538045</x>
                <y class="double">0.35710354932674493</y>
              </org.jfree.data.xy.XYDataItem>
              <org.jfree.data.xy.XYDataItem>
                <x class="double">0.30459477030760246</x>
                <y class="double">0.23257208114787856</y>
              </org.jfree.data.xy.XYDataItem>
              <org.jfree.data.xy.XYDataItem>
                <x class="double">1.0660961257850963</x>
                <y class="double">0.9979870395107425</y>
              </org.jfree.data.xy.XYDataItem>
              <org.jfree.data.xy.XYDataItem>
                <x class="double">0.15667269943435946</x>
                <y class="double">0.09626263436423699</y>
              </org.jfree.data.xy.XYDataItem>
              <org.jfree.data.xy.XYDataItem>
                <x class="double">0.9137742962359243</x>
                <y class="double">1.0885339758192876</y>
              </org.jfree.data.xy.XYDataItem>
              <org.jfree.data.xy.XYDataItem>
                <x class="double">1.4735404524296973</x>
                <y class="double">0.7530632108239277</y>
              </org.jfree.data.xy.XYDataItem>
              <org.jfree.data.xy.XYDataItem>
                <x class="double">-0.21537018679377548</x>
                <y class="double">-0.3923324538437326</y>
              </org.jfree.data.xy.XYDataItem>
              <org.jfree.data.xy.XYDataItem>
                <x class="double">-0.19208439403639105</x>
                <y class="double">-1.5456787944520707</y>
              </org.jfree.data.xy.XYDataItem>
              <org.jfree.data.xy.XYDataItem>
                <x class="double">-0.07388855530716446</x>
                <y class="double">0.07775980373443542</y>
              </org.jfree.data.xy.XYDataItem>
            </data>
            <maximumItemCount>2147483647</maximumItemCount>
            <autoSort>false</autoSort>
            <allowDuplicateXValues>true</allowDuplicateXValues>
            <minX>-1.7768053653712346</minX>
            <maxX>1.7768053653712346</maxX>
            <minY>-1.8730803712951245</minY>
            <maxY>1.8730803712951245</maxY>
            <key class="string">Data</key>
            <listeners serialization="custom">
              <javax.swing.event.EventListenerList>
                <default/>
                <string>org.jfree.data.general.SeriesChangeListener</string>
                <org.jfree.data.xy.XYSeriesCollection reference="../../../../../../.."/>
                <null/>
              </javax.swing.event.EventListenerList>
            </listeners>
            <propertyChangeSupport serialization="custom">
              <java.beans.PropertyChangeSupport>
                <default>
                  <propertyChangeSupportSerializedDataVersion>2</propertyChangeSupportSerializedDataVersion>
                  <source class="org.jfree.data.xy.XYSeries" reference="../../../.."/>
                </default>
                <null/>
              </java.beans.PropertyChangeSupport>
            </propertyChangeSupport>
            <notify>true</notify>
          </org.jfree.data.xy.XYSeries>
        </data>
        <intervalDelegate>
          <dataset class="org.jfree.data.xy.XYSeriesCollection" reference="../../../.."/>
          <autoWidth>false</autoWidth>
          <intervalPositionFactor>0.5</intervalPositionFactor>
          <fixedIntervalWidth>1.0</fixedIntervalWidth>
          <autoIntervalWidth>Infinity</autoIntervalWidth>
        </intervalDelegate>
      </default>
    </org.jfree.data.xy.XYSeriesCollection>
  </dataset>
  <isRunning>true</isRunning>
  <setUpdateCompleted>true</setUpdateCompleted>
</org.simbrain.plot.projection.ProjectionModel>