<org.simbrain.network.interfaces.RootNetwork>
  <time>1674.0</time>
  <timeStep>0.01</timeStep>
  <clampWeights>false</clampWeights>
  <clampNeurons>false</clampNeurons>
  <timeType>DISCRETE</timeType>
  <updateMethod class="org.simbrain.network.interfaces.RootNetwork$UpdateMethod">BUFFERED</updateMethod>
  <textList/>
  <prioritySortedNeuronList/>
  <priorityComparator>
    <outer-class reference="../.."/>
  </priorityComparator>
  <networkIdGenerator>
    <rootName>Network</rootName>
    <index>1</index>
  </networkIdGenerator>
  <neuronIdGenerator>
    <rootName>Neuron</rootName>
    <index>5</index>
  </neuronIdGenerator>
  <synapseIdGenerator>
    <rootName>Synapse</rootName>
    <index>17</index>
  </synapseIdGenerator>
  <groupIdGenerator>
    <rootName>Group</rootName>
    <index>1</index>
  </groupIdGenerator>
  <rootNetwork reference=".."/>
  <id>Network1</id>
  <neuronList>
    <org.simbrain.network.interfaces.Neuron>
      <updateRule class="org.simbrain.network.neurons.LinearNeuron">
        <slope>1.0</slope>
        <bias>0.0</bias>
        <noiseGenerator>
          <distributionIndex>0</distributionIndex>
          <upperBound>1.0</upperBound>
          <lowerBound>-1.0</lowerBound>
          <mean>0.5</mean>
          <standardDeviation>0.5</standardDeviation>
          <clipping>false</clipping>
          <randomGenerator serialization="custom">
            <java.util.Random>
              <default>
                <seed>18868289834628</seed>
                <nextNextGaussian>0.0</nextNextGaussian>
                <haveNextNextGaussian>false</haveNextNextGaussian>
              </default>
            </java.util.Random>
          </randomGenerator>
        </noiseGenerator>
        <addNoise>false</addNoise>
        <clipping>true</clipping>
      </updateRule>
      <id>Neuron_1</id>
      <label></label>
      <activation>1.0</activation>
      <lowerBound>-1.0</lowerBound>
      <upperBound>1.0</upperBound>
      <increment>0.1</increment>
      <buffer>1.0</buffer>
      <inputValue>0.0</inputValue>
      <parent class="org.simbrain.network.interfaces.RootNetwork" reference="../../.."/>
      <x>100.0</x>
      <y>150.0</y>
      <clamped>false</clamped>
      <targetValue>0.0</targetValue>
      <updatePriority>0</updatePriority>
    </org.simbrain.network.interfaces.Neuron>
    <org.simbrain.network.interfaces.Neuron>
      <updateRule class="org.simbrain.network.neurons.LinearNeuron">
        <slope>1.0</slope>
        <bias>0.0</bias>
        <noiseGenerator>
          <distributionIndex>0</distributionIndex>
          <upperBound>1.0</upperBound>
          <lowerBound>-1.0</lowerBound>
          <mean>0.5</mean>
          <standardDeviation>0.5</standardDeviation>
          <clipping>false</clipping>
          <randomGenerator serialization="custom">
            <java.util.Random>
              <default>
                <seed>18868237416039</seed>
                <nextNextGaussian>0.0</nextNextGaussian>
                <haveNextNextGaussian>false</haveNextNextGaussian>
              </default>
            </java.util.Random>
          </randomGenerator>
        </noiseGenerator>
        <addNoise>false</addNoise>
        <clipping>true</clipping>
      </updateRule>
      <id>Neuron_2</id>
      <label></label>
      <activation>1.0</activation>
      <lowerBound>-1.0</lowerBound>
      <upperBound>1.0</upperBound>
      <increment>0.1</increment>
      <buffer>1.0</buffer>
      <inputValue>0.0</inputValue>
      <parent class="org.simbrain.network.interfaces.RootNetwork" reference="../../.."/>
      <x>150.0</x>
      <y>150.0</y>
      <clamped>false</clamped>
      <targetValue>0.0</targetValue>
      <updatePriority>0</updatePriority>
    </org.simbrain.network.interfaces.Neuron>
    <org.simbrain.network.interfaces.Neuron>
      <updateRule class="org.simbrain.network.neurons.LinearNeuron">
        <slope>1.0</slope>
        <bias>0.0</bias>
        <noiseGenerator>
          <distributionIndex>0</distributionIndex>
          <upperBound>1.0</upperBound>
          <lowerBound>-1.0</lowerBound>
          <mean>0.5</mean>
          <standardDeviation>0.5</standardDeviation>
          <clipping>false</clipping>
          <randomGenerator serialization="custom">
            <java.util.Random>
              <default>
                <seed>18868233438646</seed>
                <nextNextGaussian>0.0</nextNextGaussian>
                <haveNextNextGaussian>false</haveNextNextGaussian>
              </default>
            </java.util.Random>
          </randomGenerator>
        </noiseGenerator>
        <addNoise>false</addNoise>
        <clipping>true</clipping>
      </updateRule>
      <id>Neuron_3</id>
      <label></label>
      <activation>-1.0</activation>
      <lowerBound>-1.0</lowerBound>
      <upperBound>1.0</upperBound>
      <increment>0.1</increment>
      <buffer>-1.0</buffer>
      <inputValue>0.0</inputValue>
      <parent class="org.simbrain.network.interfaces.RootNetwork" reference="../../.."/>
      <x>100.0</x>
      <y>200.0</y>
      <clamped>false</clamped>
      <targetValue>0.0</targetValue>
      <updatePriority>0</updatePriority>
    </org.simbrain.network.interfaces.Neuron>
    <org.simbrain.network.interfaces.Neuron>
      <updateRule class="org.simbrain.network.neurons.LinearNeuron">
        <slope>1.0</slope>
        <bias>0.0</bias>
        <noiseGenerator>
          <distributionIndex>0</distributionIndex>
          <upperBound>1.0</upperBound>
          <lowerBound>-1.0</lowerBound>
          <mean>0.5</mean>
          <standardDeviation>0.5</standardDeviation>
          <clipping>false</clipping>
          <randomGenerator serialization="custom">
            <java.util.Random>
              <default>
                <seed>18868227678945</seed>
                <nextNextGaussian>0.0</nextNextGaussian>
                <haveNextNextGaussian>false</haveNextNextGaussian>
              </default>
            </java.util.Random>
          </randomGenerator>
        </noiseGenerator>
        <addNoise>false</addNoise>
        <clipping>true</clipping>
      </updateRule>
      <id>Neuron_4</id>
      <label></label>
      <activation>1.0</activation>
      <lowerBound>-1.0</lowerBound>
      <upperBound>1.0</upperBound>
      <increment>0.1</increment>
      <buffer>1.0</buffer>
      <inputValue>0.0</inputValue>
      <parent class="org.simbrain.network.interfaces.RootNetwork" reference="../../.."/>
      <x>150.0</x>
      <y>200.0</y>
      <clamped>false</clamped>
      <targetValue>0.0</targetValue>
      <updatePriority>0</updatePriority>
    </org.simbrain.network.interfaces.Neuron>
  </neuronList>
  <synapseList>
    <org.simbrain.network.interfaces.Synapse>
      <parentNetwork class="org.simbrain.network.interfaces.RootNetwork" reference="../../.."/>
      <source reference="../../../neuronList/org.simbrain.network.interfaces.Neuron[2]"/>
      <target reference="../../../neuronList/org.simbrain.network.interfaces.Neuron[2]"/>
      <learningRule class="org.simbrain.network.synapses.ClampedSynapse">
        <clipped>false</clipped>
      </learningRule>
      <id>Synapse_1</id>
      <strength>8.282372766201522</strength>
      <increment>1.0</increment>
      <upperBound>10.0</upperBound>
      <lowerBound>-10.0</lowerBound>
      <delay>0</delay>
      <sendWeightedInput>true</sendWeightedInput>
    </org.simbrain.network.interfaces.Synapse>
    <org.simbrain.network.interfaces.Synapse>
      <parentNetwork class="org.simbrain.network.interfaces.RootNetwork" reference="../../.."/>
      <source reference="../../../neuronList/org.simbrain.network.interfaces.Neuron[2]"/>
      <target reference="../../../neuronList/org.simbrain.network.interfaces.Neuron[3]"/>
      <learningRule class="org.simbrain.network.synapses.ClampedSynapse">
        <clipped>false</clipped>
      </learningRule>
      <id>Synapse_2</id>
      <strength>-3.8676215008737973</strength>
      <increment>1.0</increment>
      <upperBound>10.0</upperBound>
      <lowerBound>-10.0</lowerBound>
      <delay>0</delay>
      <sendWeightedInput>true</sendWeightedInput>
    </org.simbrain.network.interfaces.Synapse>
    <org.simbrain.network.interfaces.Synapse>
      <parentNetwork class="org.simbrain.network.interfaces.RootNetwork" reference="../../.."/>
      <source reference="../../../neuronList/org.simbrain.network.interfaces.Neuron[2]"/>
      <target reference="../../../neuronList/org.simbrain.network.interfaces.Neuron[4]"/>
      <learningRule class="org.simbrain.network.synapses.ClampedSynapse">
        <clipped>false</clipped>
      </learningRule>
      <id>Synapse_3</id>
      <strength>2.1802369547368947</strength>
      <increment>1.0</increment>
      <upperBound>10.0</upperBound>
      <lowerBound>-10.0</lowerBound>
      <delay>0</delay>
      <sendWeightedInput>true</sendWeightedInput>
    </org.simbrain.network.interfaces.Synapse>
    <org.simbrain.network.interfaces.Synapse>
      <parentNetwork class="org.simbrain.network.interfaces.RootNetwork" reference="../../.."/>
      <source reference="../../../neuronList/org.simbrain.network.interfaces.Neuron[2]"/>
      <target reference="../../../neuronList/org.simbrain.network.interfaces.Neuron"/>
      <learningRule class="org.simbrain.network.synapses.ClampedSynapse">
        <clipped>false</clipped>
      </learningRule>
      <id>Synapse_4</id>
      <strength>8.28575688252435</strength>
      <increment>1.0</increment>
      <upperBound>10.0</upperBound>
      <lowerBound>-10.0</lowerBound>
      <delay>0</delay>
      <sendWeightedInput>true</sendWeightedInput>
    </org.simbrain.network.interfaces.Synapse>
    <org.simbrain.network.interfaces.Synapse>
      <parentNetwork class="org.simbrain.network.interfaces.RootNetwork" reference="../../.."/>
      <source reference="../../../neuronList/org.simbrain.network.interfaces.Neuron[3]"/>
      <target reference="../../../neuronList/org.simbrain.network.interfaces.Neuron[2]"/>
      <learningRule class="org.simbrain.network.synapses.ClampedSynapse">
        <clipped>false</clipped>
      </learningRule>
      <id>Synapse_5</id>
      <strength>-4.967398239978474</strength>
      <increment>1.0</increment>
      <upperBound>10.0</upperBound>
      <lowerBound>-10.0</lowerBound>
      <delay>0</delay>
      <sendWeightedInput>true</sendWeightedInput>
    </org.simbrain.network.interfaces.Synapse>
    <org.simbrain.network.interfaces.Synapse>
      <parentNetwork class="org.simbrain.network.interfaces.RootNetwork" reference="../../.."/>
      <source reference="../../../neuronList/org.simbrain.network.interfaces.Neuron[3]"/>
      <target reference="../../../neuronList/org.simbrain.network.interfaces.Neuron[3]"/>
      <learningRule class="org.simbrain.network.synapses.ClampedSynapse">
        <clipped>false</clipped>
      </learningRule>
      <id>Synapse_6</id>
      <strength>4.987702304458978</strength>
      <increment>1.0</increment>
      <upperBound>10.0</upperBound>
      <lowerBound>-10.0</lowerBound>
      <delay>0</delay>
      <sendWeightedInput>true</sendWeightedInput>
    </org.simbrain.network.interfaces.Synapse>
    <org.simbrain.network.interfaces.Synapse>
      <parentNetwork class="org.simbrain.network.interfaces.RootNetwork" reference="../../.."/>
      <source reference="../../../neuronList/org.simbrain.network.interfaces.Neuron[3]"/>
      <target reference="../../../neuronList/org.simbrain.network.interfaces.Neuron[4]"/>
      <learningRule class="org.simbrain.network.synapses.ClampedSynapse">
        <clipped>false</clipped>
      </learningRule>
      <id>Synapse_7</id>
      <strength>2.895741223120327</strength>
      <increment>1.0</increment>
      <upperBound>10.0</upperBound>
      <lowerBound>-10.0</lowerBound>
      <delay>0</delay>
      <sendWeightedInput>true</sendWeightedInput>
    </org.simbrain.network.interfaces.Synapse>
    <org.simbrain.network.interfaces.Synapse>
      <parentNetwork class="org.simbrain.network.interfaces.RootNetwork" reference="../../.."/>
      <source reference="../../../neuronList/org.simbrain.network.interfaces.Neuron[3]"/>
      <target reference="../../../neuronList/org.simbrain.network.interfaces.Neuron"/>
      <learningRule class="org.simbrain.network.synapses.ClampedSynapse">
        <clipped>false</clipped>
      </learningRule>
      <id>Synapse_8</id>
      <strength>-3.038546756244207</strength>
      <increment>1.0</increment>
      <upperBound>10.0</upperBound>
      <lowerBound>-10.0</lowerBound>
      <delay>0</delay>
      <sendWeightedInput>true</sendWeightedInput>
    </org.simbrain.network.interfaces.Synapse>
    <org.simbrain.network.interfaces.Synapse>
      <parentNetwork class="org.simbrain.network.interfaces.RootNetwork" reference="../../.."/>
      <source reference="../../../neuronList/org.simbrain.network.interfaces.Neuron[4]"/>
      <target reference="../../../neuronList/org.simbrain.network.interfaces.Neuron[2]"/>
      <learningRule class="org.simbrain.network.synapses.ClampedSynapse">
        <clipped>false</clipped>
      </learningRule>
      <id>Synapse_9</id>
      <strength>4.417100670971713</strength>
      <increment>1.0</increment>
      <upperBound>10.0</upperBound>
      <lowerBound>-10.0</lowerBound>
      <delay>0</delay>
      <sendWeightedInput>true</sendWeightedInput>
    </org.simbrain.network.interfaces.Synapse>
    <org.simbrain.network.interfaces.Synapse>
      <parentNetwork class="org.simbrain.network.interfaces.RootNetwork" reference="../../.."/>
      <source reference="../../../neuronList/org.simbrain.network.interfaces.Neuron[4]"/>
      <target reference="../../../neuronList/org.simbrain.network.interfaces.Neuron[3]"/>
      <learningRule class="org.simbrain.network.synapses.ClampedSynapse">
        <clipped>false</clipped>
      </learningRule>
      <id>Synapse_10</id>
      <strength>1.680589430447208</strength>
      <increment>1.0</increment>
      <upperBound>10.0</upperBound>
      <lowerBound>-10.0</lowerBound>
      <delay>0</delay>
      <sendWeightedInput>true</sendWeightedInput>
    </org.simbrain.network.interfaces.Synapse>
    <org.simbrain.network.interfaces.Synapse>
      <parentNetwork class="org.simbrain.network.interfaces.RootNetwork" reference="../../.."/>
      <source reference="../../../neuronList/org.simbrain.network.interfaces.Neuron[4]"/>
      <target reference="../../../neuronList/org.simbrain.network.interfaces.Neuron[4]"/>
      <learningRule class="org.simbrain.network.synapses.ClampedSynapse">
        <clipped>false</clipped>
      </learningRule>
      <id>Synapse_11</id>
      <strength>6.393399110599859</strength>
      <increment>1.0</increment>
      <upperBound>10.0</upperBound>
      <lowerBound>-10.0</lowerBound>
      <delay>0</delay>
      <sendWeightedInput>true</sendWeightedInput>
    </org.simbrain.network.interfaces.Synapse>
    <org.simbrain.network.interfaces.Synapse>
      <parentNetwork class="org.simbrain.network.interfaces.RootNetwork" reference="../../.."/>
      <source reference="../../../neuronList/org.simbrain.network.interfaces.Neuron[4]"/>
      <target reference="../../../neuronList/org.simbrain.network.interfaces.Neuron"/>
      <learningRule class="org.simbrain.network.synapses.ClampedSynapse">
        <clipped>false</clipped>
      </learningRule>
      <id>Synapse_12</id>
      <strength>3.0045307248034554</strength>
      <increment>1.0</increment>
      <upperBound>10.0</upperBound>
      <lowerBound>-10.0</lowerBound>
      <delay>0</delay>
      <sendWeightedInput>true</sendWeightedInput>
    </org.simbrain.network.interfaces.Synapse>
    <org.simbrain.network.interfaces.Synapse>
      <parentNetwork class="org.simbrain.network.interfaces.RootNetwork" reference="../../.."/>
      <source reference="../../../neuronList/org.simbrain.network.interfaces.Neuron"/>
      <target reference="../../../neuronList/org.simbrain.network.interfaces.Neuron[2]"/>
      <learningRule class="org.simbrain.network.synapses.ClampedSynapse">
        <clipped>false</clipped>
      </learningRule>
      <id>Synapse_13</id>
      <strength>6.138722828911934</strength>
      <increment>1.0</increment>
      <upperBound>10.0</upperBound>
      <lowerBound>-10.0</lowerBound>
      <delay>0</delay>
      <sendWeightedInput>true</sendWeightedInput>
    </org.simbrain.network.interfaces.Synapse>
    <org.simbrain.network.interfaces.Synapse>
      <parentNetwork class="org.simbrain.network.interfaces.RootNetwork" reference="../../.."/>
      <source reference="../../../neuronList/org.simbrain.network.interfaces.Neuron"/>
      <target reference="../../../neuronList/org.simbrain.network.interfaces.Neuron[3]"/>
      <learningRule class="org.simbrain.network.synapses.ClampedSynapse">
        <clipped>false</clipped>
      </learningRule>
      <id>Synapse_14</id>
      <strength>-5.728003412360718</strength>
      <increment>1.0</increment>
      <upperBound>10.0</upperBound>
      <lowerBound>-10.0</lowerBound>
      <delay>0</delay>
      <sendWeightedInput>true</sendWeightedInput>
    </org.simbrain.network.interfaces.Synapse>
    <org.simbrain.network.interfaces.Synapse>
      <parentNetwork class="org.simbrain.network.interfaces.RootNetwork" reference="../../.."/>
      <source reference="../../../neuronList/org.simbrain.network.interfaces.Neuron"/>
      <target reference="../../../neuronList/org.simbrain.network.interfaces.Neuron[4]"/>
      <learningRule class="org.simbrain.network.synapses.ClampedSynapse">
        <clipped>false</clipped>
      </learningRule>
      <id>Synapse_15</id>
      <strength>-4.538127818818138</strength>
      <increment>1.0</increment>
      <upperBound>10.0</upperBound>
      <lowerBound>-10.0</lowerBound>
      <delay>0</delay>
      <sendWeightedInput>true</sendWeightedInput>
    </org.simbrain.network.interfaces.Synapse>
    <org.simbrain.network.interfaces.Synapse>
      <parentNetwork class="org.simbrain.network.interfaces.RootNetwork" reference="../../.."/>
      <source reference="../../../neuronList/org.simbrain.network.interfaces.Neuron"/>
      <target reference="../../../neuronList/org.simbrain.network.interfaces.Neuron"/>
      <learningRule class="org.simbrain.network.synapses.ClampedSynapse">
        <clipped>false</clipped>
      </learningRule>
      <id>Synapse_16</id>
      <strength>6.3154321188469495</strength>
      <increment>1.0</increment>
      <upperBound>10.0</upperBound>
      <lowerBound>-10.0</lowerBound>
      <delay>0</delay>
      <sendWeightedInput>true</sendWeightedInput>
    </org.simbrain.network.interfaces.Synapse>
  </synapseList>
  <networkList/>
  <groupList/>
  <timeStep defined-in="org.simbrain.network.interfaces.Network">0.2</timeStep>
  <roundOffActivationValues>false</roundOffActivationValues>
  <precision>0</precision>
  <updatePriority>0</updatePriority>
</org.simbrain.network.interfaces.RootNetwork>