<org.simbrain.plot.projection.ProjectionModel>
  <projector>
    <projectorSettings>
      <tolerance>0.05</tolerance>
      <perturbationAmount>0.1</perturbationAmount>
      <sammonAddMethod>REFRESH</sammonAddMethod>
      <epsilon>3.0</epsilon>
      <hiD1>0</hiD1>
      <hiD2>1</hiD2>
      <autoFind>true</autoFind>
    </projectorSettings>
    <currentProjectionMethod class="org.simbrain.util.projection.ProjectPCA">
      <upstairs>
        <persistentData>
          <string> 0.30, 0.30</string>
          <string> 0.27, -0.26</string>
          <string> 0.21, -0.21</string>
          <string> 0.17, -0.16</string>
          <string> 0.11, -0.10</string>
          <string> 0.07, -0.06</string>
          <string> 0.03, -0.02</string>
          <string> -0.06, -0.20</string>
          <string> -0.10, -0.17</string>
          <string> -0.14, -0.15</string>
          <string> -0.18, -0.18</string>
          <string> -0.22, -0.22</string>
          <string> -0.25, -0.25</string>
          <string> 0.33, -0.30</string>
          <string> 0.03, 0.03</string>
          <string> -0.50, -0.19</string>
          <string> -0.45, -0.23</string>
          <string> -0.40, -0.27</string>
          <string> -0.35, -0.30</string>
          <string> -0.30, -0.30</string>
          <string> -0.35, -0.87</string>
          <string> -0.37, -0.82</string>
          <string> -0.40, -0.73</string>
          <string> -0.42, -0.66</string>
          <string> -0.44, -0.61</string>
          <string> -0.44, -0.55</string>
          <string> -0.44, -0.50</string>
          <string> -0.43, -0.45</string>
          <string> -0.40, -0.40</string>
          <string> -0.36, -0.36</string>
          <string> -0.19, -0.76</string>
          <string> -0.22, -0.71</string>
          <string> -0.25, -0.66</string>
          <string> -0.30, -0.59</string>
          <string> -0.33, -0.53</string>
          <string> -0.35, -0.48</string>
          <string> -0.37, 0.24</string>
          <string> -0.31, 0.18</string>
          <string> -0.26, 0.13</string>
          <string> -0.22, 0.09</string>
          <string> -0.16, 0.03</string>
          <string> -0.13, 0.00</string>
          <string> -0.09, -0.04</string>
          <string> -0.10, -0.10</string>
          <string> 0.52, 0.34</string>
          <string> 0.47, 0.36</string>
          <string> 0.42, 0.37</string>
          <string> 0.37, 0.36</string>
          <string> 0.74, -0.08</string>
          <string> 0.65, -0.02</string>
          <string> 0.59, 0.03</string>
          <string> 0.53, 0.07</string>
          <string> 0.49, 0.11</string>
          <string> 0.42, 0.17</string>
          <string> 0.38, 0.21</string>
          <string> 0.34, 0.24</string>
          <string> -0.47, 0.05</string>
          <string> -0.42, 0.00</string>
          <string> -0.38, -0.04</string>
          <string> -0.32, -0.09</string>
          <string> -0.28, -0.13</string>
          <string> -0.71, -0.04</string>
          <string> -0.65, -0.08</string>
          <string> -0.59, -0.12</string>
          <string> -0.09, -0.30</string>
          <string> -0.13, -0.27</string>
          <string> -0.44, 0.63</string>
          <string> -0.34, 0.53</string>
          <string> -0.27, 0.44</string>
          <string> -0.20, 0.37</string>
          <string> -0.15, 0.31</string>
          <string> -0.10, 0.27</string>
          <string> -0.06, 0.23</string>
          <string> -0.01, 0.17</string>
          <string> 0.04, 0.13</string>
          <string> 0.08, 0.10</string>
          <string> 0.13, 0.13</string>
          <string> 0.16, 0.16</string>
          <string> 0.20, 0.20</string>
          <string> 0.23, 0.23</string>
          <string> 0.73, -0.54</string>
          <string> 0.61, -0.43</string>
          <string> 0.51, -0.34</string>
          <string> 0.43, -0.27</string>
          <string> 0.36, -0.20</string>
          <string> 0.30, -0.15</string>
          <string> 0.26, -0.10</string>
          <string> 0.22, -0.07</string>
          <string> 0.17, -0.01</string>
          <string> 0.12, 0.03</string>
          <string> 0.28, 0.06</string>
          <string> 0.95, 0.08</string>
          <string> 0.86, 0.13</string>
          <string> 0.79, 0.18</string>
          <string> 0.73, 0.21</string>
          <string> 0.68, 0.24</string>
          <string> 0.64, 0.27</string>
          <string> 0.57, 0.31</string>
          <string> 0.29, 0.44</string>
          <string> 0.32, 0.39</string>
          <string> -0.49, -0.40</string>
          <string> 0.93, -0.60</string>
          <string> 0.79, -0.48</string>
          <string> 0.67, -0.38</string>
          <string> 0.57, -0.29</string>
          <string> 0.48, -0.22</string>
          <string> 0.41, -0.15</string>
          <string> 0.35, -0.10</string>
          <string> 0.31, -0.06</string>
          <string> 0.27, -0.02</string>
          <string> 0.22, 0.03</string>
          <string> 0.17, 0.08</string>
          <string> 0.59, 0.23</string>
          <string> 0.52, 0.27</string>
          <string> 0.48, 0.30</string>
          <string> 0.59, 0.99</string>
          <string> 0.59, 0.94</string>
          <string> 0.58, 0.85</string>
          <string> 0.58, 0.77</string>
          <string> 0.57, 0.71</string>
          <string> 0.56, 0.66</string>
          <string> 0.54, 0.61</string>
          <string> 0.51, 0.55</string>
          <string> 0.48, 0.50</string>
          <string> 0.45, 0.45</string>
          <string> -1.01, -1.01</string>
          <string> -0.97, -0.97</string>
          <string> -0.93, -0.93</string>
          <string> -0.89, -0.89</string>
          <string> -0.83, -0.83</string>
          <string> -0.77, -0.77</string>
          <string> -0.73, -0.73</string>
          <string> -0.69, -0.69</string>
          <string> -0.65, -0.65</string>
          <string> -0.61, -0.61</string>
          <string> -0.57, -0.57</string>
          <string> -0.53, -0.53</string>
        </persistentData>
        <dimensions>2</dimensions>
      </upstairs>
      <downstairs>
        <persistentData>
          <string> 0.42, -0.04</string>
          <string> 0.04, 0.37</string>
          <string> 0.03, 0.30</string>
          <string> 0.03, 0.23</string>
          <string> 0.02, 0.15</string>
          <string> 0.02, 0.09</string>
          <string> 0.01, 0.03</string>
          <string> -0.17, 0.12</string>
          <string> -0.19, 0.07</string>
          <string> -0.20, 0.03</string>
          <string> -0.25, 0.02</string>
          <string> -0.31, 0.03</string>
          <string> -0.35, 0.03</string>
          <string> 0.06, 0.44</string>
          <string> 0.04, 0.00</string>
          <string> -0.51, -0.17</string>
          <string> -0.49, -0.11</string>
          <string> -0.48, -0.05</string>
          <string> -0.46, 0.01</string>
          <string> -0.42, 0.04</string>
          <string> -0.82, 0.45</string>
          <string> -0.81, 0.40</string>
          <string> -0.77, 0.31</string>
          <string> -0.74, 0.24</string>
          <string> -0.73, 0.19</string>
          <string> -0.69, 0.15</string>
          <string> -0.66, 0.11</string>
          <string> -0.62, 0.07</string>
          <string> -0.56, 0.05</string>
          <string> -0.51, 0.05</string>
          <string> -0.63, 0.47</string>
          <string> -0.62, 0.41</string>
          <string> -0.61, 0.35</string>
          <string> -0.61, 0.27</string>
          <string> -0.59, 0.20</string>
          <string> -0.58, 0.15</string>
          <string> -0.13, -0.42</string>
          <string> -0.13, -0.34</string>
          <string> -0.12, -0.27</string>
          <string> -0.11, -0.21</string>
          <string> -0.10, -0.12</string>
          <string> -0.10, -0.08</string>
          <string> -0.09, -0.03</string>
          <string> -0.14, 0.01</string>
          <string> 0.62, 0.07</string>
          <string> 0.59, 0.02</string>
          <string> 0.56, -0.02</string>
          <string> 0.51, -0.04</string>
          <string> 0.52, 0.53</string>
          <string> 0.49, 0.43</string>
          <string> 0.47, 0.35</string>
          <string> 0.45, 0.28</string>
          <string> 0.45, 0.23</string>
          <string> 0.43, 0.14</string>
          <string> 0.43, 0.08</string>
          <string> 0.42, 0.03</string>
          <string> -0.33, -0.34</string>
          <string> -0.32, -0.27</string>
          <string> -0.32, -0.21</string>
          <string> -0.30, -0.13</string>
          <string> -0.30, -0.08</string>
          <string> -0.57, -0.42</string>
          <string> -0.55, -0.35</string>
          <string> -0.53, -0.28</string>
          <string> -0.26, 0.17</string>
          <string> -0.27, 0.13</string>
          <string> 0.06, -0.77</string>
          <string> 0.07, -0.63</string>
          <string> 0.07, -0.51</string>
          <string> 0.08, -0.41</string>
          <string> 0.08, -0.33</string>
          <string> 0.09, -0.27</string>
          <string> 0.10, -0.22</string>
          <string> 0.10, -0.14</string>
          <string> 0.11, -0.07</string>
          <string> 0.13, -0.03</string>
          <string> 0.18, -0.02</string>
          <string> 0.23, -0.02</string>
          <string> 0.28, -0.03</string>
          <string> 0.32, -0.03</string>
          <string> 0.22, 0.88</string>
          <string> 0.20, 0.72</string>
          <string> 0.18, 0.59</string>
          <string> 0.16, 0.48</string>
          <string> 0.15, 0.38</string>
          <string> 0.14, 0.31</string>
          <string> 0.14, 0.24</string>
          <string> 0.13, 0.19</string>
          <string> 0.12, 0.12</string>
          <string> 0.11, 0.05</string>
          <string> 0.25, 0.13</string>
          <string> 0.78, 0.54</string>
          <string> 0.75, 0.45</string>
          <string> 0.72, 0.36</string>
          <string> 0.70, 0.30</string>
          <string> 0.68, 0.25</string>
          <string> 0.67, 0.20</string>
          <string> 0.64, 0.12</string>
          <string> 0.50, -0.16</string>
          <string> 0.49, -0.10</string>
          <string> -0.63, 0.00</string>
          <string> 0.34, 1.05</string>
          <string> 0.31, 0.87</string>
          <string> 0.28, 0.72</string>
          <string> 0.26, 0.59</string>
          <string> 0.23, 0.47</string>
          <string> 0.22, 0.38</string>
          <string> 0.21, 0.30</string>
          <string> 0.20, 0.24</string>
          <string> 0.20, 0.19</string>
          <string> 0.19, 0.12</string>
          <string> 0.18, 0.05</string>
          <string> 0.60, 0.20</string>
          <string> 0.57, 0.12</string>
          <string> 0.56, 0.07</string>
          <string> 1.08, -0.39</string>
          <string> 1.05, -0.35</string>
          <string> 0.99, -0.29</string>
          <string> 0.94, -0.23</string>
          <string> 0.89, -0.19</string>
          <string> 0.85, -0.15</string>
          <string> 0.80, -0.13</string>
          <string> 0.74, -0.10</string>
          <string> 0.69, -0.08</string>
          <string> 0.63, -0.06</string>
          <string> -1.42, 0.14</string>
          <string> -1.37, 0.13</string>
          <string> -1.31, 0.13</string>
          <string> -1.25, 0.12</string>
          <string> -1.17, 0.11</string>
          <string> -1.08, 0.11</string>
          <string> -1.03, 0.10</string>
          <string> -0.97, 0.09</string>
          <string> -0.91, 0.09</string>
          <string> -0.86, 0.08</string>
          <string> -0.80, 0.08</string>
          <string> -0.75, 0.07</string>
        </persistentData>
        <dimensions>2</dimensions>
      </downstairs>
      <theSettings reference="../../projectorSettings"/>
    </currentProjectionMethod>
    <defaultProjectionMethod>PCA</defaultProjectionMethod>
    <error>0.0</error>
    <currentPoint>
      <double>-0.29152139861968024</double>
      <double>-0.29152139861968024</double>
    </currentPoint>
  </projector>
  <dataset serialization="custom">
    <org.jfree.data.general.AbstractDataset>
      <default>
        <group>
          <id>NOID</id>
        </group>
      </default>
    </org.jfree.data.general.AbstractDataset>
    <org.jfree.data.xy.XYSeriesCollection>
      <default>
        <data>
          <org.jfree.data.xy.XYSeries>
            <key class="string">Data</key>
            <listeners serialization="custom">
              <javax.swing.event.EventListenerList>
                <default/>
                <string>org.jfree.data.general.SeriesChangeListener</string>
                <org.jfree.data.xy.XYSeriesCollection reference="../../../../../../.."/>
                <null/>
              </javax.swing.event.EventListenerList>
            </listeners>
            <propertyChangeSupport serialization="custom">
              <java.beans.PropertyChangeSupport>
                <default>
                  <source class="org.jfree.data.xy.XYSeries" reference="../../../.."/>
                  <propertyChangeSupportSerializedDataVersion>2</propertyChangeSupportSerializedDataVersion>
                </default>
                <null/>
              </java.beans.PropertyChangeSupport>
            </propertyChangeSupport>
            <notify>true</notify>
            <data>
              <org.jfree.data.xy.XYDataItem>
                <x class="double">0.4222652800226739</x>
                <y class="double">-0.04113433222227936</y>
              </org.jfree.data.xy.XYDataItem>
              <org.jfree.data.xy.XYDataItem>
                <x class="double">0.04337308146339133</x>
                <y class="double">0.3723154251496573</y>
              </org.jfree.data.xy.XYDataItem>
              <org.jfree.data.xy.XYDataItem>
                <x class="double">0.02879403255559554</x>
                <y class="double">0.2955856960158717</y>
              </org.jfree.data.xy.XYDataItem>
              <org.jfree.data.xy.XYDataItem>
                <x class="double">0.029661637389298223</x>
                <y class="double">0.231560331808766</y>
              </org.jfree.data.xy.XYDataItem>
              <org.jfree.data.xy.XYDataItem>
                <x class="double">0.021434770944842335</x>
                <y class="double">0.14710727580423122</y>
              </org.jfree.data.xy.XYDataItem>
              <org.jfree.data.xy.XYDataItem>
                <x class="double">0.015950193315205093</x>
                <y class="double">0.0908052384678747</y>
              </org.jfree.data.xy.XYDataItem>
              <org.jfree.data.xy.XYDataItem>
                <x class="double">0.010465615685567843</x>
                <y class="double">0.03450320113151817</y>
              </org.jfree.data.xy.XYDataItem>
              <org.jfree.data.xy.XYDataItem>
                <x class="double">-0.17338361049129353</x>
                <y class="double">0.11635344263494496</y>
              </org.jfree.data.xy.XYDataItem>
              <org.jfree.data.xy.XYDataItem>
                <x class="double">-0.18522037058427068</x>
                <y class="double">0.06777473216933767</y>
              </org.jfree.data.xy.XYDataItem>
              <org.jfree.data.xy.XYDataItem>
                <x class="double">-0.20340931314058774</x>
                <y class="double">0.02691934857447957</y>
              </org.jfree.data.xy.XYDataItem>
              <org.jfree.data.xy.XYDataItem>
                <x class="double">-0.25335916801360436</x>
                <y class="double">0.02468059933336761</y>
              </org.jfree.data.xy.XYDataItem>
              <org.jfree.data.xy.XYDataItem>
                <x class="double">-0.3096612053499609</x>
                <y class="double">0.03016517696300486</y>
              </org.jfree.data.xy.XYDataItem>
              <org.jfree.data.xy.XYDataItem>
                <x class="double">-0.3518877333522282</x>
                <y class="double">0.03427861018523279</y>
              </org.jfree.data.xy.XYDataItem>
              <org.jfree.data.xy.XYDataItem>
                <x class="double">0.06430431283452706</x>
                <y class="double">0.44132182741269366</y>
              </org.jfree.data.xy.XYDataItem>
              <org.jfree.data.xy.XYDataItem>
                <x class="double">0.042226528002267394</x>
                <y class="double">-0.004113433222227934</y>
              </org.jfree.data.xy.XYDataItem>
              <org.jfree.data.xy.XYDataItem>
                <x class="double">-0.5068578103409194</x>
                <y class="double">-0.17086591262276027</y>
              </org.jfree.data.xy.XYDataItem>
              <org.jfree.data.xy.XYDataItem>
                <x class="double">-0.4936499058405329</x>
                <y class="double">-0.10821169282306384</y>
              </org.jfree.data.xy.XYDataItem>
              <org.jfree.data.xy.XYDataItem>
                <x class="double">-0.4804420013401464</x>
                <y class="double">-0.045557473023367434</y>
              </org.jfree.data.xy.XYDataItem>
              <org.jfree.data.xy.XYDataItem>
                <x class="double">-0.46088191437642</x>
                <y class="double">0.0093734199055798</y>
              </org.jfree.data.xy.XYDataItem>
              <org.jfree.data.xy.XYDataItem>
                <x class="double">-0.4222652800226739</x>
                <y class="double">0.04113433222227936</y>
              </org.jfree.data.xy.XYDataItem>
              <org.jfree.data.xy.XYDataItem>
                <x class="double">-0.8229563147867949</x>
                <y class="double">0.4496030515382854</y>
              </org.jfree.data.xy.XYDataItem>
              <org.jfree.data.xy.XYDataItem>
                <x class="double">-0.8066420562115937</x>
                <y class="double">0.3982820522578594</y>
              </org.jfree.data.xy.XYDataItem>
              <org.jfree.data.xy.XYDataItem>
                <x class="double">-0.7726423946537821</x>
                <y class="double">0.30971556303109665</y>
              </org.jfree.data.xy.XYDataItem>
              <org.jfree.data.xy.XYDataItem>
                <x class="double">-0.7436237711519013</x>
                <y class="double">0.24294791000917249</y>
              </org.jfree.data.xy.XYDataItem>
              <org.jfree.data.xy.XYDataItem>
                <x class="double">-0.7273095125767002</x>
                <y class="double">0.19162691072874644</y>
              </org.jfree.data.xy.XYDataItem>
              <org.jfree.data.xy.XYDataItem>
                <x class="double">-0.6891964177966607</x>
                <y class="double">0.14528694950425114</y>
              </org.jfree.data.xy.XYDataItem>
              <org.jfree.data.xy.XYDataItem>
                <x class="double">-0.6574355054799612</x>
                <y class="double">0.10667031515050501</y>
              </org.jfree.data.xy.XYDataItem>
              <org.jfree.data.xy.XYDataItem>
                <x class="double">-0.6179512662925124</x>
                <y class="double">0.07440586326009885</y>
              </org.jfree.data.xy.XYDataItem>
              <org.jfree.data.xy.XYDataItem>
                <x class="double">-0.5630203733635653</x>
                <y class="double">0.05484577629637244</y>
              </org.jfree.data.xy.XYDataItem>
              <org.jfree.data.xy.XYDataItem>
                <x class="double">-0.5067183360272087</x>
                <y class="double">0.04936119866673522</y>
              </org.jfree.data.xy.XYDataItem>
              <org.jfree.data.xy.XYDataItem>
                <x class="double">-0.6295090777580683</x>
                <y class="double">0.4662813753734825</y>
              </org.jfree.data.xy.XYDataItem>
              <org.jfree.data.xy.XYDataItem>
                <x class="double">-0.6209181460536164</x>
                <y class="double">0.40860819362971657</y>
              </org.jfree.data.xy.XYDataItem>
              <org.jfree.data.xy.XYDataItem>
                <x class="double">-0.6123272143491645</x>
                <y class="double">0.3509350118859509</y>
              </org.jfree.data.xy.XYDataItem>
              <org.jfree.data.xy.XYDataItem>
                <x class="double">-0.6064785714595312</x>
                <y class="double">0.2651108114740067</y>
              </org.jfree.data.xy.XYDataItem>
              <org.jfree.data.xy.XYDataItem>
                <x class="double">-0.5915354572917395</x>
                <y class="double">0.1997143028594917</y>
              </org.jfree.data.xy.XYDataItem>
              <org.jfree.data.xy.XYDataItem>
                <x class="double">-0.5752211987165383</x>
                <y class="double">0.14839330357906577</y>
              </org.jfree.data.xy.XYDataItem>
              <org.jfree.data.xy.XYDataItem>
                <x class="double">-0.13331071509756334</x>
                <y class="double">-0.42039059604155793</y>
              </org.jfree.data.xy.XYDataItem>
              <org.jfree.data.xy.XYDataItem>
                <x class="double">-0.12508384865310748</x>
                <y class="double">-0.33593754003702314</y>
              </org.jfree.data.xy.XYDataItem>
              <org.jfree.data.xy.XYDataItem>
                <x class="double">-0.11822812661606093</x>
                <y class="double">-0.26555999336657754</y>
              </org.jfree.data.xy.XYDataItem>
              <org.jfree.data.xy.XYDataItem>
                <x class="double">-0.11274354898642369</x>
                <y class="double">-0.20925795603022102</y>
              </org.jfree.data.xy.XYDataItem>
              <org.jfree.data.xy.XYDataItem>
                <x class="double">-0.1045166825419678</x>
                <y class="double">-0.12480490002568621</y>
              </org.jfree.data.xy.XYDataItem>
              <org.jfree.data.xy.XYDataItem>
                <x class="double">-0.10040324931973987</x>
                <y class="double">-0.08257837202341882</y>
              </org.jfree.data.xy.XYDataItem>
              <org.jfree.data.xy.XYDataItem>
                <x class="double">-0.09491867169010262</x>
                <y class="double">-0.026276334687062298</y>
              </org.jfree.data.xy.XYDataItem>
              <org.jfree.data.xy.XYDataItem>
                <x class="double">-0.1407550933408913</x>
                <y class="double">0.01371144407409311</y>
              </org.jfree.data.xy.XYDataItem>
              <org.jfree.data.xy.XYDataItem>
                <x class="double">0.6175872010325164</x>
                <y class="double">0.06772037448820173</y>
              </org.jfree.data.xy.XYDataItem>
              <org.jfree.data.xy.XYDataItem>
                <x class="double">0.5916749316054501</x>
                <y class="double">0.020512808430003804</y>
              </org.jfree.data.xy.XYDataItem>
              <org.jfree.data.xy.XYDataItem>
                <x class="double">0.5594104797150439</x>
                <y class="double">-0.018971430757445007</y>
              </org.jfree.data.xy.XYDataItem>
              <org.jfree.data.xy.XYDataItem>
                <x class="double">0.5144416628979579</x>
                <y class="double">-0.04300901620339531</y>
              </org.jfree.data.xy.XYDataItem>
              <org.jfree.data.xy.XYDataItem>
                <x class="double">0.5207087287287231</x>
                <y class="double">0.5318481172531471</y>
              </org.jfree.data.xy.XYDataItem>
              <org.jfree.data.xy.XYDataItem>
                <x class="double">0.48931188167201956</x>
                <y class="double">0.42833851385859256</y>
              </org.jfree.data.xy.XYDataItem>
              <org.jfree.data.xy.XYDataItem>
                <x class="double">0.47473283276422373</x>
                <y class="double">0.35160878472480694</y>
              </org.jfree.data.xy.XYDataItem>
              <org.jfree.data.xy.XYDataItem>
                <x class="double">0.4538016013930881</x>
                <y class="double">0.2826023824617706</y>
              </org.jfree.data.xy.XYDataItem>
              <org.jfree.data.xy.XYDataItem>
                <x class="double">0.44831702376345084</x>
                <y class="double">0.22630034512541414</y>
              </org.jfree.data.xy.XYDataItem>
              <org.jfree.data.xy.XYDataItem>
                <x class="double">0.4323668304482457</x>
                <y class="double">0.1354951066575394</y>
              </org.jfree.data.xy.XYDataItem>
              <org.jfree.data.xy.XYDataItem>
                <x class="double">0.4268822528186085</x>
                <y class="double">0.07919306932118295</y>
              </org.jfree.data.xy.XYDataItem>
              <org.jfree.data.xy.XYDataItem>
                <x class="double">0.4150454927256314</x>
                <y class="double">0.030614358855575646</y>
              </org.jfree.data.xy.XYDataItem>
              <org.jfree.data.xy.XYDataItem>
                <x class="double">-0.33123545060851384</x>
                <y class="double">-0.3371692101307219</y>
              </org.jfree.data.xy.XYDataItem>
              <org.jfree.data.xy.XYDataItem>
                <x class="double">-0.32437972857146724</x>
                <y class="double">-0.26679166346027616</y>
              </org.jfree.data.xy.XYDataItem>
              <org.jfree.data.xy.XYDataItem>
                <x class="double">-0.31889515094183</x>
                <y class="double">-0.2104896261239197</y>
              </org.jfree.data.xy.XYDataItem>
              <org.jfree.data.xy.XYDataItem>
                <x class="double">-0.30431610203403425</x>
                <y class="double">-0.13375989699013413</y>
              </org.jfree.data.xy.XYDataItem>
              <org.jfree.data.xy.XYDataItem>
                <x class="double">-0.29883152440439703</x>
                <y class="double">-0.0774578596537776</y>
              </org.jfree.data.xy.XYDataItem>
              <org.jfree.data.xy.XYDataItem>
                <x class="double">-0.5737649376765542</x>
                <y class="double">-0.42011164741413665</y>
              </org.jfree.data.xy.XYDataItem>
              <org.jfree.data.xy.XYDataItem>
                <x class="double">-0.5528337063054186</x>
                <y class="double">-0.35110524515110036</y>
              </org.jfree.data.xy.XYDataItem>
              <org.jfree.data.xy.XYDataItem>
                <x class="double">-0.5319024749342829</x>
                <y class="double">-0.28209884288806397</y>
              </org.jfree.data.xy.XYDataItem>
              <org.jfree.data.xy.XYDataItem>
                <x class="double">-0.26007541573694026</x>
                <y class="double">0.17453016395241744</y>
              </org.jfree.data.xy.XYDataItem>
              <org.jfree.data.xy.XYDataItem>
                <x class="double">-0.27191217582991745</x>
                <y class="double">0.12595145348681014</y>
              </org.jfree.data.xy.XYDataItem>
              <org.jfree.data.xy.XYDataItem>
                <x class="double">0.06036111287744855</x>
                <y class="double">-0.766065621244157</y>
              </org.jfree.data.xy.XYDataItem>
              <org.jfree.data.xy.XYDataItem>
                <x class="double">0.07407255695154163</x>
                <y class="double">-0.6253105279032657</y>
              </org.jfree.data.xy.XYDataItem>
              <org.jfree.data.xy.XYDataItem>
                <x class="double">0.07096620287672706</x>
                <y class="double">-0.5113353088231434</y>
              </org.jfree.data.xy.XYDataItem>
              <org.jfree.data.xy.XYDataItem>
                <x class="double">0.08056421372859221</x>
                <y class="double">-0.4128067434845194</y>
              </org.jfree.data.xy.XYDataItem>
              <org.jfree.data.xy.XYDataItem>
                <x class="double">0.08106775330229889</x>
                <y class="double">-0.33470586994332446</y>
              </org.jfree.data.xy.XYDataItem>
              <org.jfree.data.xy.XYDataItem>
                <x class="double">0.09427565780268536</x>
                <y class="double">-0.2720516501436281</y>
              </org.jfree.data.xy.XYDataItem>
              <org.jfree.data.xy.XYDataItem>
                <x class="double">0.0997602354323226</x>
                <y class="double">-0.21574961280727156</y>
              </org.jfree.data.xy.XYDataItem>
              <org.jfree.data.xy.XYDataItem>
                <x class="double">0.10026377500602925</x>
                <y class="double">-0.13764873926607668</y>
              </org.jfree.data.xy.XYDataItem>
              <org.jfree.data.xy.XYDataItem>
                <x class="double">0.1134716795064157</x>
                <y class="double">-0.07499451946638024</y>
              </org.jfree.data.xy.XYDataItem>
              <org.jfree.data.xy.XYDataItem>
                <x class="double">0.12530843959939286</x>
                <y class="double">-0.026415809000772936</y>
              </org.jfree.data.xy.XYDataItem>
              <org.jfree.data.xy.XYDataItem>
                <x class="double">0.1829816213431587</x>
                <y class="double">-0.017824877296321054</y>
              </org.jfree.data.xy.XYDataItem>
              <org.jfree.data.xy.XYDataItem>
                <x class="double">0.2252081493454261</x>
                <y class="double">-0.021938310518548984</y>
              </org.jfree.data.xy.XYDataItem>
              <org.jfree.data.xy.XYDataItem>
                <x class="double">0.2815101866817826</x>
                <y class="double">-0.02742288814818622</y>
              </org.jfree.data.xy.XYDataItem>
              <org.jfree.data.xy.XYDataItem>
                <x class="double">0.32373671468405</x>
                <y class="double">-0.03153632137041418</y>
              </org.jfree.data.xy.XYDataItem>
              <org.jfree.data.xy.XYDataItem>
                <x class="double">0.2207850085443379</x>
                <y class="double">0.8807689708442713</y>
              </org.jfree.data.xy.XYDataItem>
              <org.jfree.data.xy.XYDataItem>
                <x class="double">0.19797909319208634</x>
                <y class="double">0.7195861857059509</y>
              </org.jfree.data.xy.XYDataItem>
              <org.jfree.data.xy.XYDataItem>
                <x class="double">0.17791546665465333</x>
                <y class="double">0.586554419235809</y>
              </org.jfree.data.xy.XYDataItem>
              <org.jfree.data.xy.XYDataItem>
                <x class="double">0.1605941289320389</x>
                <y class="double">0.4816736714338451</y>
              </org.jfree.data.xy.XYDataItem>
              <org.jfree.data.xy.XYDataItem>
                <x class="double">0.15099611808017374</x>
                <y class="double">0.3831451060952211</y>
              </org.jfree.data.xy.XYDataItem>
              <org.jfree.data.xy.XYDataItem>
                <x class="double">0.136417069172378</x>
                <y class="double">0.30641537696143556</y>
              </org.jfree.data.xy.XYDataItem>
              <org.jfree.data.xy.XYDataItem>
                <x class="double">0.13728467400608063</x>
                <y class="double">0.24239001275432986</y>
              </org.jfree.data.xy.XYDataItem>
              <org.jfree.data.xy.XYDataItem>
                <x class="double">0.1254479139131035</x>
                <y class="double">0.19381130228872256</y>
              </org.jfree.data.xy.XYDataItem>
              <org.jfree.data.xy.XYDataItem>
                <x class="double">0.12494437433939687</x>
                <y class="double">0.1157104287475277</y>
              </org.jfree.data.xy.XYDataItem>
              <org.jfree.data.xy.XYDataItem>
                <x class="double">0.11173646983901038</x>
                <y class="double">0.05305620894783125</y>
              </org.jfree.data.xy.XYDataItem>
              <org.jfree.data.xy.XYDataItem>
                <x class="double">0.25436624716101763</x>
                <y class="double">0.13152114774902215</y>
              </org.jfree.data.xy.XYDataItem>
              <org.jfree.data.xy.XYDataItem>
                <x class="double">0.7845335124278952</x>
                <y class="double">0.5416707190512976</y>
              </org.jfree.data.xy.XYDataItem>
              <org.jfree.data.xy.XYDataItem>
                <x class="double">0.7467844829078517</x>
                <y class="double">0.4458844425274924</y>
              </org.jfree.data.xy.XYDataItem>
              <org.jfree.data.xy.XYDataItem>
                <x class="double">0.7244821071293068</x>
                <y class="double">0.36280253093036696</y>
              </org.jfree.data.xy.XYDataItem>
              <org.jfree.data.xy.XYDataItem>
                <x class="double">0.6971986932948311</x>
                <y class="double">0.30151945553807974</y>
              </org.jfree.data.xy.XYDataItem>
              <org.jfree.data.xy.XYDataItem>
                <x class="double">0.677638606331105</x>
                <y class="double">0.2465885626091326</y>
              </org.jfree.data.xy.XYDataItem>
              <org.jfree.data.xy.XYDataItem>
                <x class="double">0.6658018462381277</x>
                <y class="double">0.19800985214352523</y>
              </org.jfree.data.xy.XYDataItem>
              <org.jfree.data.xy.XYDataItem>
                <x class="double">0.6371472879962428</x>
                <y class="double">0.12265126741714896</y>
              </org.jfree.data.xy.XYDataItem>
              <org.jfree.data.xy.XYDataItem>
                <x class="double">0.5034725076386835</x>
                <y class="double">-0.1556130908761084</y>
              </org.jfree.data.xy.XYDataItem>
              <org.jfree.data.xy.XYDataItem>
                <x class="double">0.49488157593423154</x>
                <y class="double">-0.09793990913234252</y>
              </org.jfree.data.xy.XYDataItem>
              <org.jfree.data.xy.XYDataItem>
                <x class="double">-0.6325303152003082</x>
                <y class="double">-0.0023238658736867146</y>
              </org.jfree.data.xy.XYDataItem>
              <org.jfree.data.xy.XYDataItem>
                <x class="double">0.33713845117928304</x>
                <y class="double">1.0541525813355648</y>
              </org.jfree.data.xy.XYDataItem>
              <org.jfree.data.xy.XYDataItem>
                <x class="double">0.30523806454887287</x>
                <y class="double">0.8725421043998155</y>
              </org.jfree.data.xy.XYDataItem>
              <org.jfree.data.xy.XYDataItem>
                <x class="double">0.2760799667332813</x>
                <y class="double">0.7190826461322444</y>
              </org.jfree.data.xy.XYDataItem>
              <org.jfree.data.xy.XYDataItem>
                <x class="double">0.2560163401958482</x>
                <y class="double">0.5860508796621022</y>
              </org.jfree.data.xy.XYDataItem>
              <org.jfree.data.xy.XYDataItem>
                <x class="double">0.23097167560248458</x>
                <y class="double">0.47481794939679856</y>
              </org.jfree.data.xy.XYDataItem>
              <org.jfree.data.xy.XYDataItem>
                <x class="double">0.22137366475061937</x>
                <y class="double">0.3762893840581746</y>
              </org.jfree.data.xy.XYDataItem>
              <org.jfree.data.xy.XYDataItem>
                <x class="double">0.2067946158428236</x>
                <y class="double">0.299559654924389</y>
              </org.jfree.data.xy.XYDataItem>
              <org.jfree.data.xy.XYDataItem>
                <x class="double">0.20131003821318638</x>
                <y class="double">0.24325761758803252</y>
              </org.jfree.data.xy.XYDataItem>
              <org.jfree.data.xy.XYDataItem>
                <x class="double">0.19582546058354916</x>
                <y class="double">0.18695558025167602</y>
              </org.jfree.data.xy.XYDataItem>
              <org.jfree.data.xy.XYDataItem>
                <x class="double">0.1889697385465026</x>
                <y class="double">0.11657803358123035</y>
              </org.jfree.data.xy.XYDataItem>
              <org.jfree.data.xy.XYDataItem>
                <x class="double">0.18211401650945605</x>
                <y class="double">0.046200486910784704</y>
              </org.jfree.data.xy.XYDataItem>
              <org.jfree.data.xy.XYDataItem>
                <x class="double">0.601776482031022</x>
                <y class="double">0.19714224730982252</y>
              </org.jfree.data.xy.XYDataItem>
              <org.jfree.data.xy.XYDataItem>
                <x class="double">0.5731219237891371</x>
                <y class="double">0.1217836625834463</y>
              </org.jfree.data.xy.XYDataItem>
              <org.jfree.data.xy.XYDataItem>
                <x class="double">0.5612851636961599</x>
                <y class="double">0.07320495211783903</y>
              </org.jfree.data.xy.XYDataItem>
              <org.jfree.data.xy.XYDataItem>
                <x class="double">1.0845423492448552</x>
                <y class="double">-0.3898305948671182</y>
              </org.jfree.data.xy.XYDataItem>
              <org.jfree.data.xy.XYDataItem>
                <x class="double">1.0527814369281554</x>
                <y class="double">-0.3512139605133721</y>
              </org.jfree.data.xy.XYDataItem>
              <org.jfree.data.xy.XYDataItem>
                <x class="double">0.987888467887347</x>
                <y class="double">-0.28805620113996905</y>
              </org.jfree.data.xy.XYDataItem>
              <org.jfree.data.xy.XYDataItem>
                <x class="double">0.9370710081806278</x>
                <y class="double">-0.22626958617397536</y>
              </org.jfree.data.xy.XYDataItem>
              <org.jfree.data.xy.XYDataItem>
                <x class="double">0.8912345865298391</x>
                <y class="double">-0.1862818074128198</y>
              </org.jfree.data.xy.XYDataItem>
              <org.jfree.data.xy.XYDataItem>
                <x class="double">0.8517503473423904</x>
                <y class="double">-0.1540173555224137</y>
              </org.jfree.data.xy.XYDataItem>
              <org.jfree.data.xy.XYDataItem>
                <x class="double">0.8045427812841924</x>
                <y class="double">-0.12810508609534732</y>
              </org.jfree.data.xy.XYDataItem>
              <org.jfree.data.xy.XYDataItem>
                <x class="double">0.7432597058919053</x>
                <y class="double">-0.1008216722608718</y>
              </org.jfree.data.xy.XYDataItem>
              <org.jfree.data.xy.XYDataItem>
                <x class="double">0.6883288129629581</x>
                <y class="double">-0.08126158529714539</y>
              </org.jfree.data.xy.XYDataItem>
              <org.jfree.data.xy.XYDataItem>
                <x class="double">0.633397920034011</x>
                <y class="double">-0.061701498333419036</y>
              </org.jfree.data.xy.XYDataItem>
              <org.jfree.data.xy.XYDataItem>
                <x class="double">-1.421626442743002</x>
                <y class="double">0.13848558514834053</y>
              </org.jfree.data.xy.XYDataItem>
              <org.jfree.data.xy.XYDataItem>
                <x class="double">-1.3653244054066456</x>
                <y class="double">0.13300100751870314</y>
              </org.jfree.data.xy.XYDataItem>
              <org.jfree.data.xy.XYDataItem>
                <x class="double">-1.309022368070289</x>
                <y class="double">0.12751642988906597</y>
              </org.jfree.data.xy.XYDataItem>
              <org.jfree.data.xy.XYDataItem>
                <x class="double">-1.2527203307339327</x>
                <y class="double">0.1220318522594287</y>
              </org.jfree.data.xy.XYDataItem>
              <org.jfree.data.xy.XYDataItem>
                <x class="double">-1.1682672747293976</x>
                <y class="double">0.11380498581497289</y>
              </org.jfree.data.xy.XYDataItem>
              <org.jfree.data.xy.XYDataItem>
                <x class="double">-1.0838142187248632</x>
                <y class="double">0.10557811937051703</y>
              </org.jfree.data.xy.XYDataItem>
              <org.jfree.data.xy.XYDataItem>
                <x class="double">-1.0275121813885064</x>
                <y class="double">0.1000935417408797</y>
              </org.jfree.data.xy.XYDataItem>
              <org.jfree.data.xy.XYDataItem>
                <x class="double">-0.9712101440521499</x>
                <y class="double">0.09460896411124242</y>
              </org.jfree.data.xy.XYDataItem>
              <org.jfree.data.xy.XYDataItem>
                <x class="double">-0.9149081067157935</x>
                <y class="double">0.08912438648160526</y>
              </org.jfree.data.xy.XYDataItem>
              <org.jfree.data.xy.XYDataItem>
                <x class="double">-0.858606069379437</x>
                <y class="double">0.08363980885196798</y>
              </org.jfree.data.xy.XYDataItem>
              <org.jfree.data.xy.XYDataItem>
                <x class="double">-0.8023040320430803</x>
                <y class="double">0.07815523122233076</y>
              </org.jfree.data.xy.XYDataItem>
              <org.jfree.data.xy.XYDataItem>
                <x class="double">-0.7460019947067239</x>
                <y class="double">0.07267065359269353</y>
              </org.jfree.data.xy.XYDataItem>
            </data>
            <maximumItemCount>2147483647</maximumItemCount>
            <autoSort>false</autoSort>
            <allowDuplicateXValues>true</allowDuplicateXValues>
            <minX>-1.421626442743002</minX>
            <maxX>1.0845423492448552</maxX>
            <minY>-0.766065621244157</minY>
            <maxY>1.0541525813355648</maxY>
          </org.jfree.data.xy.XYSeries>
        </data>
        <intervalDelegate>
          <dataset class="org.jfree.data.xy.XYSeriesCollection" reference="../../../.."/>
          <autoWidth>false</autoWidth>
          <intervalPositionFactor>0.5</intervalPositionFactor>
          <fixedIntervalWidth>1.0</fixedIntervalWidth>
          <autoIntervalWidth>Infinity</autoIntervalWidth>
        </intervalDelegate>
      </default>
    </org.jfree.data.xy.XYSeriesCollection>
  </dataset>
  <isRunning>true</isRunning>
  <setUpdateCompleted>true</setUpdateCompleted>
</org.simbrain.plot.projection.ProjectionModel>