<Workspace>
  <archivedComponents>
    <Component>
      <className>org.simbrain.world.odorworld.OdorWorldComponent</className>
      <name>fourObjectsLocal.xml</name>
      <uri>components/0_fourObjectsLocal.xml.xml</uri>
      <id>0</id>
      <format>xml</format>
      <desktopComponent>
        <className>org.simbrain.world.odorworld.OdorWorldDesktopComponent</className>
        <uri>guis/0_fourObjectsLocal.xml.xml</uri>
        <format>xml</format>
      </desktopComponent>
    </Component>
    <Component>
      <className>org.simbrain.network.NetworkComponent</className>
      <name>Network2</name>
      <uri>components/1_Network2.xml</uri>
      <id>1</id>
      <format>xml</format>
      <desktopComponent>
        <className>org.simbrain.network.desktop.NetworkDesktopComponent</className>
        <uri>guis/1_Network2.xml</uri>
        <format>xml</format>
      </desktopComponent>
    </Component>
  </archivedComponents>
  <archivedCouplings>
    <Coupling>
      <archivedProducer>
        <parentComponentRef>components/0_fourObjectsLocal.xml.xml</parentComponentRef>
        <baseObjectKey>Agent_1:sensor:Sensor_1</baseObjectKey>
        <methodBaseName>getCurrentValue</methodBaseName>
        <dataType>double</dataType>
        <argumentDataTypes>
          <java-class>int</java-class>
        </argumentDataTypes>
        <argumentValues>
          <int>0</int>
        </argumentValues>
        <description>Agent_1:Smell-Left-1</description>
      </archivedProducer>
      <archivedConsumer>
        <parentComponentRef>components/1_Network2.xml</parentComponentRef>
        <baseObjectKey>Neuron_1</baseObjectKey>
        <methodBaseName>setInputValue</methodBaseName>
        <dataType>double</dataType>
        <argumentDataTypes>
          <java-class>double</java-class>
        </argumentDataTypes>
        <description>Neuron_1:setInputValue &lt;double&gt;</description>
      </archivedConsumer>
    </Coupling>
    <Coupling>
      <archivedProducer>
        <parentComponentRef>components/0_fourObjectsLocal.xml.xml</parentComponentRef>
        <baseObjectKey>Agent_1:sensor:Sensor_1</baseObjectKey>
        <methodBaseName>getCurrentValue</methodBaseName>
        <dataType>double</dataType>
        <argumentDataTypes>
          <java-class>int</java-class>
        </argumentDataTypes>
        <argumentValues>
          <int>1</int>
        </argumentValues>
        <description>Agent_1:Smell-Left-2</description>
      </archivedProducer>
      <archivedConsumer>
        <parentComponentRef>components/1_Network2.xml</parentComponentRef>
        <baseObjectKey>Neuron_2</baseObjectKey>
        <methodBaseName>setInputValue</methodBaseName>
        <dataType>double</dataType>
        <argumentDataTypes>
          <java-class>double</java-class>
        </argumentDataTypes>
        <description>Neuron_2:setInputValue &lt;double&gt;</description>
      </archivedConsumer>
    </Coupling>
    <Coupling>
      <archivedProducer>
        <parentComponentRef>components/0_fourObjectsLocal.xml.xml</parentComponentRef>
        <baseObjectKey>Agent_1:sensor:Sensor_1</baseObjectKey>
        <methodBaseName>getCurrentValue</methodBaseName>
        <dataType>double</dataType>
        <argumentDataTypes>
          <java-class>int</java-class>
        </argumentDataTypes>
        <argumentValues>
          <int>2</int>
        </argumentValues>
        <description>Agent_1:Smell-Left-3</description>
      </archivedProducer>
      <archivedConsumer>
        <parentComponentRef>components/1_Network2.xml</parentComponentRef>
        <baseObjectKey>Neuron_3</baseObjectKey>
        <methodBaseName>setInputValue</methodBaseName>
        <dataType>double</dataType>
        <argumentDataTypes>
          <java-class>double</java-class>
        </argumentDataTypes>
        <description>Neuron_3:setInputValue &lt;double&gt;</description>
      </archivedConsumer>
    </Coupling>
    <Coupling>
      <archivedProducer>
        <parentComponentRef>components/0_fourObjectsLocal.xml.xml</parentComponentRef>
        <baseObjectKey>Agent_1:sensor:Sensor_1</baseObjectKey>
        <methodBaseName>getCurrentValue</methodBaseName>
        <dataType>double</dataType>
        <argumentDataTypes>
          <java-class>int</java-class>
        </argumentDataTypes>
        <argumentValues>
          <int>3</int>
        </argumentValues>
        <description>Agent_1:Smell-Left-4</description>
      </archivedProducer>
      <archivedConsumer>
        <parentComponentRef>components/1_Network2.xml</parentComponentRef>
        <baseObjectKey>Neuron_4</baseObjectKey>
        <methodBaseName>setInputValue</methodBaseName>
        <dataType>double</dataType>
        <argumentDataTypes>
          <java-class>double</java-class>
        </argumentDataTypes>
        <description>Neuron_4:setInputValue &lt;double&gt;</description>
      </archivedConsumer>
    </Coupling>
  </archivedCouplings>
  <workspaceParameters>
    <updateDelay>0</updateDelay>
  </workspaceParameters>
</Workspace>