<org.simbrain.world.odorworld.OdorWorld>
  <entityList>
    <org.simbrain.world.odorworld.entities.RotatingEntity>
      <heading>60.96781268357053</heading>
      <manualMotionTurnIncrement>4.0</manualMotionTurnIncrement>
      <manualStraightMovementIncrement>4.0</manualStraightMovementIncrement>
      <entityType>Mouse</entityType>
      <animation>
        <imageNames>
          <string>rotating/mouse/Mouse_60.gif</string>
        </imageNames>
        <animTime>0</animTime>
        <totalDuration>4</totalDuration>
      </animation>
      <name>Agent_1</name>
      <id>Entity_9</id>
      <x>202.47679</x>
      <y>154.06215</y>
      <dx>0.0</dx>
      <dy>0.0</dy>
      <parentWorld reference="../../.."/>
      <sensors>
        <org.simbrain.world.odorworld.sensors.SmellSensor>
          <DEFAULT__RADIUS>23.0</DEFAULT__RADIUS>
          <theta>0.39269908169872414</theta>
          <radius>50.0</radius>
          <currentValue>
            <double>33.16929120971572</double>
            <double>38.973958961109346</double>
            <double>28.588102657695703</double>
            <double>38.22254038550476</double>
            <double>21.28358183750705</double>
            <double>42.45576358309854</double>
            <double>0.0</double>
            <double>0.0</double>
          </currentValue>
          <parent class="org.simbrain.world.odorworld.entities.RotatingEntity" reference="../../.."/>
          <id>Sensor_1</id>
          <label>Smell-Left</label>
        </org.simbrain.world.odorworld.sensors.SmellSensor>
        <org.simbrain.world.odorworld.sensors.SmellSensor>
          <DEFAULT__RADIUS>23.0</DEFAULT__RADIUS>
          <theta>0.0</theta>
          <radius>0.0</radius>
          <currentValue>
            <double>26.5830759371307</double>
            <double>25.336385907753957</double>
            <double>16.62741641124815</double>
            <double>22.23099947888475</double>
            <double>12.378959953113327</double>
            <double>24.693127368620708</double>
            <double>0.0</double>
            <double>0.0</double>
          </currentValue>
          <parent class="org.simbrain.world.odorworld.entities.RotatingEntity" reference="../../.."/>
          <id>Sensor_2</id>
          <label>Smell-Center</label>
        </org.simbrain.world.odorworld.sensors.SmellSensor>
        <org.simbrain.world.odorworld.sensors.SmellSensor>
          <DEFAULT__RADIUS>23.0</DEFAULT__RADIUS>
          <theta>-0.39269908169872414</theta>
          <radius>50.0</radius>
          <currentValue>
            <double>33.32498884511749</double>
            <double>40.684406524210225</double>
            <double>30.349590591144477</double>
            <double>40.577664979850674</double>
            <double>22.594993547344533</double>
            <double>45.07172296146079</double>
            <double>0.0</double>
            <double>0.0</double>
          </currentValue>
          <parent class="org.simbrain.world.odorworld.entities.RotatingEntity" reference="../../.."/>
          <id>Sensor_3</id>
          <label>Smell-Right</label>
        </org.simbrain.world.odorworld.sensors.SmellSensor>
      </sensors>
      <effectors/>
      <behavior class="org.simbrain.world.odorworld.behaviors.StationaryBehavior"/>
      <smellSource>
        <stimulusVector>
          <double>2.827976702268693</double>
          <double>4.703358978615561</double>
        </stimulusVector>
        <returnVector reference="../stimulusVector"/>
        <location>
          <double>162.7908935546875</double>
          <double>178.39309692382812</double>
        </location>
        <decayFunction>LINEAR</decayFunction>
        <stimulusDispersion>270.0</stimulusDispersion>
        <peak>0.0</peak>
        <addNoise>false</addNoise>
        <initNoise>0.3</initNoise>
        <noiseLevel>0.3</noiseLevel>
      </smellSource>
      <collision>false</collision>
      <sensorsEnabled>true</sensorsEnabled>
      <effectorsEnabled>true</effectorsEnabled>
      <showSensors>true</showSensors>
      <sensorIDGenerator>
        <rootName>Sensor</rootName>
        <index>4</index>
      </sensorIDGenerator>
      <effectorIDGenerator>
        <rootName>Effector</rootName>
        <index>1</index>
      </effectorIDGenerator>
    </org.simbrain.world.odorworld.entities.RotatingEntity>
    <org.simbrain.world.odorworld.entities.RotatingEntity>
      <heading>148.04428225013586</heading>
      <manualMotionTurnIncrement>4.0</manualMotionTurnIncrement>
      <manualStraightMovementIncrement>4.0</manualStraightMovementIncrement>
      <entityType>Arnold</entityType>
      <animation>
        <imageNames>
          <string>rotating/arno/w0000.png</string>
          <string>rotating/arno/w0001.png</string>
          <string>rotating/arno/w0002.png</string>
          <string>rotating/arno/w0003.png</string>
          <string>rotating/arno/w0004.png</string>
          <string>rotating/arno/w0005.png</string>
          <string>rotating/arno/w0006.png</string>
          <string>rotating/arno/w0007.png</string>
        </imageNames>
        <animTime>83</animTime>
        <totalDuration>335</totalDuration>
      </animation>
      <name>Agent_2</name>
      <id>Entity_219</id>
      <x>99.112465</x>
      <y>160.69193</y>
      <dx>0.0</dx>
      <dy>0.0</dy>
      <parentWorld reference="../../.."/>
      <sensors>
        <org.simbrain.world.odorworld.sensors.SmellSensor>
          <DEFAULT__RADIUS>23.0</DEFAULT__RADIUS>
          <theta>0.39269908169872414</theta>
          <radius>50.0</radius>
          <currentValue>
            <double>4.999841415718786</double>
            <double>3.3452775733233118</double>
            <double>0.7599671505604031</double>
            <double>10.433147867867639</double>
            <double>7.4741622830203545</double>
            <double>5.238353997522305</double>
          </currentValue>
          <parent class="org.simbrain.world.odorworld.entities.RotatingEntity" reference="../../.."/>
          <id>Sensor_1</id>
          <label>Smell-Left</label>
        </org.simbrain.world.odorworld.sensors.SmellSensor>
        <org.simbrain.world.odorworld.sensors.SmellSensor>
          <DEFAULT__RADIUS>23.0</DEFAULT__RADIUS>
          <theta>0.0</theta>
          <radius>0.0</radius>
          <currentValue>
            <double>6.094774341914972</double>
            <double>4.281283041619634</double>
            <double>0.895292644500792</double>
            <double>12.290953021065622</double>
            <double>8.805068101771218</double>
            <double>6.171134896836945</double>
          </currentValue>
          <parent class="org.simbrain.world.odorworld.entities.RotatingEntity" reference="../../.."/>
          <id>Sensor_2</id>
          <label>Smell-Center</label>
        </org.simbrain.world.odorworld.sensors.SmellSensor>
        <org.simbrain.world.odorworld.sensors.SmellSensor>
          <DEFAULT__RADIUS>23.0</DEFAULT__RADIUS>
          <theta>-0.39269908169872414</theta>
          <radius>50.0</radius>
          <currentValue>
            <double>1.7386819725059373</double>
            <double>2.8916947794451224</double>
            <double>0.0</double>
            <double>0.0</double>
            <double>0.0</double>
            <double>0.0</double>
          </currentValue>
          <parent class="org.simbrain.world.odorworld.entities.RotatingEntity" reference="../../.."/>
          <id>Sensor_3</id>
          <label>Smell-Right</label>
        </org.simbrain.world.odorworld.sensors.SmellSensor>
      </sensors>
      <effectors/>
      <behavior class="org.simbrain.world.odorworld.behaviors.StationaryBehavior"/>
      <smellSource>
        <stimulusVector>
          <double>20.0</double>
          <double>7.319413230128604</double>
        </stimulusVector>
        <returnVector reference="../stimulusVector"/>
        <location>
          <double>190.0</double>
          <double>57.0</double>
        </location>
        <decayFunction reference="../../../org.simbrain.world.odorworld.entities.RotatingEntity/smellSource/decayFunction"/>
        <stimulusDispersion>270.0</stimulusDispersion>
        <peak>0.0</peak>
        <addNoise>false</addNoise>
        <initNoise>0.3</initNoise>
        <noiseLevel>0.3</noiseLevel>
      </smellSource>
      <collision>false</collision>
      <sensorsEnabled>true</sensorsEnabled>
      <effectorsEnabled>true</effectorsEnabled>
      <showSensors>true</showSensors>
      <sensorIDGenerator>
        <rootName>Sensor</rootName>
        <index>4</index>
      </sensorIDGenerator>
      <effectorIDGenerator>
        <rootName>Effector</rootName>
        <index>1</index>
      </effectorIDGenerator>
    </org.simbrain.world.odorworld.entities.RotatingEntity>
    <org.simbrain.world.odorworld.entities.BasicEntity>
      <animation>
        <imageNames>
          <string>static/Tulip.gif</string>
        </imageNames>
        <animTime>0</animTime>
        <totalDuration>32</totalDuration>
      </animation>
      <name>Entity_220</name>
      <id>Entity_220</id>
      <x>273.0</x>
      <y>63.0</y>
      <dx>0.0</dx>
      <dy>0.0</dy>
      <parentWorld reference="../../.."/>
      <sensors/>
      <effectors/>
      <behavior class="org.simbrain.world.odorworld.behaviors.StationaryBehavior"/>
      <smellSource>
        <stimulusVector>
          <double>32.11853720373575</double>
          <double>51.36038997263146</double>
          <double>42.19340784725726</double>
          <double>56.412951036109654</double>
          <double>31.412607533738168</double>
          <double>62.660798786735505</double>
        </stimulusVector>
        <returnVector reference="../stimulusVector"/>
        <location>
          <double>70.0</double>
          <double>125.0</double>
        </location>
        <decayFunction>GAUSSIAN</decayFunction>
        <stimulusDispersion>170.0</stimulusDispersion>
        <peak>0.0</peak>
        <addNoise>false</addNoise>
        <initNoise>0.3</initNoise>
        <noiseLevel>0.3</noiseLevel>
      </smellSource>
      <collision>false</collision>
      <sensorsEnabled>true</sensorsEnabled>
      <effectorsEnabled>true</effectorsEnabled>
      <showSensors>true</showSensors>
      <sensorIDGenerator>
        <rootName>Sensor</rootName>
        <index>1</index>
      </sensorIDGenerator>
      <effectorIDGenerator>
        <rootName>Effector</rootName>
        <index>1</index>
      </effectorIDGenerator>
    </org.simbrain.world.odorworld.entities.BasicEntity>
    <org.simbrain.world.odorworld.entities.BasicEntity>
      <animation>
        <imageNames>
          <string>static/Pansy.gif</string>
        </imageNames>
        <animTime>0</animTime>
        <totalDuration>32</totalDuration>
      </animation>
      <name>Entity_221</name>
      <id>Entity_221</id>
      <x>301.0</x>
      <y>309.0</y>
      <dx>0.0</dx>
      <dy>0.0</dy>
      <parentWorld reference="../../.."/>
      <sensors/>
      <effectors/>
      <behavior class="org.simbrain.world.odorworld.behaviors.StationaryBehavior"/>
      <smellSource>
        <stimulusVector>
          <double>57.6692786721256</double>
          <double>17.969064766604895</double>
          <double>45.89435897494536</double>
          <double>47.21949030788326</double>
          <double>32.879588473607285</double>
          <double>46.22993719807361</double>
        </stimulusVector>
        <returnVector reference="../stimulusVector"/>
        <location>
          <double>289.0</double>
          <double>103.0</double>
        </location>
        <decayFunction reference="../../../org.simbrain.world.odorworld.entities.BasicEntity/smellSource/decayFunction"/>
        <stimulusDispersion>70.0</stimulusDispersion>
        <peak>0.0</peak>
        <addNoise>false</addNoise>
        <initNoise>0.3</initNoise>
        <noiseLevel>0.3</noiseLevel>
      </smellSource>
      <collision>false</collision>
      <sensorsEnabled>true</sensorsEnabled>
      <effectorsEnabled>true</effectorsEnabled>
      <showSensors>true</showSensors>
      <sensorIDGenerator>
        <rootName>Sensor</rootName>
        <index>1</index>
      </sensorIDGenerator>
      <effectorIDGenerator>
        <rootName>Effector</rootName>
        <index>1</index>
      </effectorIDGenerator>
    </org.simbrain.world.odorworld.entities.BasicEntity>
    <org.simbrain.world.odorworld.entities.BasicEntity>
      <animation>
        <imageNames>
          <string>static/Flax.gif</string>
        </imageNames>
        <animTime>0</animTime>
        <totalDuration>32</totalDuration>
      </animation>
      <name>Entity_222</name>
      <id>Entity_222</id>
      <x>104.0</x>
      <y>335.0</y>
      <dx>0.0</dx>
      <dy>0.0</dy>
      <parentWorld reference="../../.."/>
      <sensors/>
      <effectors/>
      <behavior class="org.simbrain.world.odorworld.behaviors.StationaryBehavior"/>
      <smellSource>
        <stimulusVector>
          <double>20.0</double>
          <double>12.545336457456191</double>
          <double>19.551394508419637</double>
          <double>42.301964593810546</double>
          <double>32.05815086411542</double>
          <double>22.304161988571806</double>
        </stimulusVector>
        <returnVector>
          <double>24.09803429733807</double>
          <double>27.558896138229628</double>
          <double>29.04183219618067</double>
          <double>45.94252951990283</double>
          <double>43.85680282248401</double>
          <double>19.813914599701473</double>
        </returnVector>
        <location>
          <double>109.0</double>
          <double>292.0</double>
        </location>
        <decayFunction reference="../../../org.simbrain.world.odorworld.entities.BasicEntity/smellSource/decayFunction"/>
        <stimulusDispersion>170.0</stimulusDispersion>
        <peak>0.0</peak>
        <addNoise>true</addNoise>
        <initNoise>0.3</initNoise>
        <noiseLevel>0.19</noiseLevel>
      </smellSource>
      <collision>false</collision>
      <sensorsEnabled>true</sensorsEnabled>
      <effectorsEnabled>true</effectorsEnabled>
      <showSensors>true</showSensors>
      <sensorIDGenerator>
        <rootName>Sensor</rootName>
        <index>1</index>
      </sensorIDGenerator>
      <effectorIDGenerator>
        <rootName>Effector</rootName>
        <index>1</index>
      </effectorIDGenerator>
    </org.simbrain.world.odorworld.entities.BasicEntity>
  </entityList>
  <totalSmellVectorLength>314.2383755561925</totalSmellVectorLength>
  <wrapAround>true</wrapAround>
  <objectsBlockMovement>false</objectsBlockMovement>
  <height>412</height>
  <width>422</width>
  <entityIDGenerator>
    <rootName>Entity</rootName>
    <index>223</index>
  </entityIDGenerator>
  <agentNameGenerator>
    <rootName>Agent</rootName>
    <index>3</index>
  </agentNameGenerator>
</org.simbrain.world.odorworld.OdorWorld>