<org.simbrain.network.interfaces.RootNetwork>
  <time>14453.0</time>
  <timeStep>0.01</timeStep>
  <clampWeights>false</clampWeights>
  <clampNeurons>false</clampNeurons>
  <timeType>DISCRETE</timeType>
  <updateMethod class="org.simbrain.network.interfaces.RootNetwork$UpdateMethod">BUFFERED</updateMethod>
  <textList/>
  <prioritySortedNeuronList/>
  <priorityComparator>
    <outer-class reference="../.."/>
  </priorityComparator>
  <networkIdGenerator>
    <rootName>Network</rootName>
    <index>2</index>
  </networkIdGenerator>
  <neuronIdGenerator>
    <rootName>Neuron</rootName>
    <index>26</index>
  </neuronIdGenerator>
  <synapseIdGenerator>
    <rootName>Synapse</rootName>
    <index>51</index>
  </synapseIdGenerator>
  <groupIdGenerator>
    <rootName>Group</rootName>
    <index>2</index>
  </groupIdGenerator>
  <rootNetwork reference=".."/>
  <id>purser.xml</id>
  <neuronList>
    <org.simbrain.network.interfaces.Neuron>
      <updateRule class="org.simbrain.network.neurons.LinearNeuron">
        <slope>1.0</slope>
        <bias>0.0</bias>
        <noiseGenerator>
          <distributionIndex>0</distributionIndex>
          <upperBound>1.0</upperBound>
          <lowerBound>-1.0</lowerBound>
          <mean>0.5</mean>
          <standardDeviation>0.5</standardDeviation>
          <clipping>true</clipping>
          <randomGenerator serialization="custom">
            <java.util.Random>
              <default>
                <seed>32602256012492</seed>
                <nextNextGaussian>0.0</nextNextGaussian>
                <haveNextNextGaussian>false</haveNextNextGaussian>
              </default>
            </java.util.Random>
          </randomGenerator>
        </noiseGenerator>
        <addNoise>false</addNoise>
        <clipping>true</clipping>
      </updateRule>
      <id>Neuron_1</id>
      <label>go left</label>
      <activation>15.80002001376328</activation>
      <lowerBound>-1.0</lowerBound>
      <upperBound>20.0</upperBound>
      <increment>0.1</increment>
      <buffer>15.80002001376328</buffer>
      <inputValue>0.0</inputValue>
      <parent class="org.simbrain.network.interfaces.RootNetwork" reference="../../.."/>
      <x>53.624569462592135</x>
      <y>260.35011390248974</y>
      <clamped>false</clamped>
      <targetValue>0.0</targetValue>
      <updatePriority>0</updatePriority>
    </org.simbrain.network.interfaces.Neuron>
    <org.simbrain.network.interfaces.Neuron>
      <updateRule class="org.simbrain.network.neurons.LinearNeuron">
        <slope>1.0</slope>
        <bias>0.0</bias>
        <noiseGenerator>
          <distributionIndex>0</distributionIndex>
          <upperBound>1.0</upperBound>
          <lowerBound>-1.0</lowerBound>
          <mean>0.5</mean>
          <standardDeviation>0.5</standardDeviation>
          <clipping>true</clipping>
          <randomGenerator serialization="custom">
            <java.util.Random>
              <default>
                <seed>32599962407894</seed>
                <nextNextGaussian>0.0</nextNextGaussian>
                <haveNextNextGaussian>false</haveNextNextGaussian>
              </default>
            </java.util.Random>
          </randomGenerator>
        </noiseGenerator>
        <addNoise>false</addNoise>
        <clipping>true</clipping>
      </updateRule>
      <id>Neuron_3</id>
      <label>go right</label>
      <activation>16.804031047515707</activation>
      <lowerBound>-1.0</lowerBound>
      <upperBound>20.0</upperBound>
      <increment>0.1</increment>
      <buffer>16.804031047515707</buffer>
      <inputValue>0.0</inputValue>
      <parent class="org.simbrain.network.interfaces.RootNetwork" reference="../../.."/>
      <x>178.5748077918073</x>
      <y>259.75815641158204</y>
      <clamped>false</clamped>
      <targetValue>0.0</targetValue>
      <updatePriority>0</updatePriority>
    </org.simbrain.network.interfaces.Neuron>
    <org.simbrain.network.interfaces.Neuron>
      <updateRule class="org.simbrain.network.neurons.LinearNeuron">
        <slope>1.0</slope>
        <bias>0.0</bias>
        <noiseGenerator>
          <distributionIndex>0</distributionIndex>
          <upperBound>1.0</upperBound>
          <lowerBound>-1.0</lowerBound>
          <mean>0.5</mean>
          <standardDeviation>0.5</standardDeviation>
          <clipping>true</clipping>
          <randomGenerator serialization="custom">
            <java.util.Random>
              <default>
                <seed>32599674299577</seed>
                <nextNextGaussian>0.0</nextNextGaussian>
                <haveNextNextGaussian>false</haveNextNextGaussian>
              </default>
            </java.util.Random>
          </randomGenerator>
        </noiseGenerator>
        <addNoise>false</addNoise>
        <clipping>true</clipping>
      </updateRule>
      <id>Neuron_4</id>
      <label>left sensor</label>
      <activation>32.637043023001354</activation>
      <lowerBound>-1.0</lowerBound>
      <upperBound>100.0</upperBound>
      <increment>0.1</increment>
      <buffer>32.637043023001354</buffer>
      <inputValue>0.0</inputValue>
      <parent class="org.simbrain.network.interfaces.RootNetwork" reference="../../.."/>
      <x>54.06847878015553</x>
      <y>336.57920459513474</y>
      <clamped>false</clamped>
      <targetValue>0.0</targetValue>
      <updatePriority>0</updatePriority>
    </org.simbrain.network.interfaces.Neuron>
    <org.simbrain.network.interfaces.Neuron>
      <updateRule class="org.simbrain.network.neurons.LinearNeuron">
        <slope>1.0</slope>
        <bias>0.0</bias>
        <noiseGenerator>
          <distributionIndex>0</distributionIndex>
          <upperBound>1.0</upperBound>
          <lowerBound>-1.0</lowerBound>
          <mean>0.5</mean>
          <standardDeviation>0.5</standardDeviation>
          <clipping>true</clipping>
          <randomGenerator serialization="custom">
            <java.util.Random>
              <default>
                <seed>32599564003920</seed>
                <nextNextGaussian>0.0</nextNextGaussian>
                <haveNextNextGaussian>false</haveNextNextGaussian>
              </default>
            </java.util.Random>
          </randomGenerator>
        </noiseGenerator>
        <addNoise>false</addNoise>
        <clipping>true</clipping>
      </updateRule>
      <id>Neuron_5</id>
      <label>right sensor</label>
      <activation>33.103854371032675</activation>
      <lowerBound>-1.0</lowerBound>
      <upperBound>100.0</upperBound>
      <increment>0.1</increment>
      <buffer>33.103854371032675</buffer>
      <inputValue>0.0</inputValue>
      <parent class="org.simbrain.network.interfaces.RootNetwork" reference="../../.."/>
      <x>178.26583979673578</x>
      <y>337.86603143624205</y>
      <clamped>false</clamped>
      <targetValue>0.0</targetValue>
      <updatePriority>0</updatePriority>
    </org.simbrain.network.interfaces.Neuron>
    <org.simbrain.network.interfaces.Neuron>
      <updateRule class="org.simbrain.network.neurons.LinearNeuron">
        <slope>1.0</slope>
        <bias>2.0</bias>
        <noiseGenerator>
          <distributionIndex>0</distributionIndex>
          <upperBound>1.0</upperBound>
          <lowerBound>-1.0</lowerBound>
          <mean>0.5</mean>
          <standardDeviation>0.5</standardDeviation>
          <clipping>true</clipping>
          <randomGenerator serialization="custom">
            <java.util.Random>
              <default>
                <seed>80057009357654</seed>
                <nextNextGaussian>0.0</nextNextGaussian>
                <haveNextNextGaussian>false</haveNextNextGaussian>
              </default>
            </java.util.Random>
          </randomGenerator>
        </noiseGenerator>
        <addNoise>false</addNoise>
        <clipping>true</clipping>
      </updateRule>
      <id>Neuron_7</id>
      <label>forward</label>
      <activation>2.0</activation>
      <lowerBound>0.0</lowerBound>
      <upperBound>10.0</upperBound>
      <increment>0.1</increment>
      <buffer>2.0</buffer>
      <inputValue>0.0</inputValue>
      <parent class="org.simbrain.network.interfaces.RootNetwork" reference="../../.."/>
      <x>115.25023005936296</x>
      <y>256.2064114661358</y>
      <clamped>false</clamped>
      <targetValue>0.0</targetValue>
      <updatePriority>0</updatePriority>
    </org.simbrain.network.interfaces.Neuron>
  </neuronList>
  <synapseList>
    <org.simbrain.network.interfaces.Synapse>
      <parentNetwork class="org.simbrain.network.interfaces.RootNetwork" reference="../../.."/>
      <source reference="../../../neuronList/org.simbrain.network.interfaces.Neuron[3]"/>
      <target reference="../../../neuronList/org.simbrain.network.interfaces.Neuron"/>
      <learningRule class="org.simbrain.network.synapses.ClampedSynapse">
        <clipped>false</clipped>
      </learningRule>
      <id>Synapse_13</id>
      <strength>1.5</strength>
      <increment>1.0</increment>
      <upperBound>10.0</upperBound>
      <lowerBound>-10.0</lowerBound>
      <delay>0</delay>
      <sendWeightedInput>true</sendWeightedInput>
    </org.simbrain.network.interfaces.Synapse>
    <org.simbrain.network.interfaces.Synapse>
      <parentNetwork class="org.simbrain.network.interfaces.RootNetwork" reference="../../.."/>
      <source reference="../../../neuronList/org.simbrain.network.interfaces.Neuron[4]"/>
      <target reference="../../../neuronList/org.simbrain.network.interfaces.Neuron[2]"/>
      <learningRule class="org.simbrain.network.synapses.ClampedSynapse">
        <clipped>false</clipped>
      </learningRule>
      <id>Synapse_14</id>
      <strength>1.5</strength>
      <increment>1.0</increment>
      <upperBound>10.0</upperBound>
      <lowerBound>-10.0</lowerBound>
      <delay>0</delay>
      <sendWeightedInput>true</sendWeightedInput>
    </org.simbrain.network.interfaces.Synapse>
    <org.simbrain.network.interfaces.Synapse>
      <parentNetwork class="org.simbrain.network.interfaces.RootNetwork" reference="../../.."/>
      <source reference="../../../neuronList/org.simbrain.network.interfaces.Neuron[3]"/>
      <target reference="../../../neuronList/org.simbrain.network.interfaces.Neuron[2]"/>
      <learningRule class="org.simbrain.network.synapses.ClampedSynapse">
        <clipped>false</clipped>
      </learningRule>
      <id>Synapse_17</id>
      <strength>-1.0</strength>
      <increment>1.0</increment>
      <upperBound>10.0</upperBound>
      <lowerBound>-10.0</lowerBound>
      <delay>0</delay>
      <sendWeightedInput>true</sendWeightedInput>
    </org.simbrain.network.interfaces.Synapse>
    <org.simbrain.network.interfaces.Synapse>
      <parentNetwork class="org.simbrain.network.interfaces.RootNetwork" reference="../../.."/>
      <source reference="../../../neuronList/org.simbrain.network.interfaces.Neuron[4]"/>
      <target reference="../../../neuronList/org.simbrain.network.interfaces.Neuron"/>
      <learningRule class="org.simbrain.network.synapses.ClampedSynapse">
        <clipped>false</clipped>
      </learningRule>
      <id>Synapse_18</id>
      <strength>-1.0</strength>
      <increment>1.0</increment>
      <upperBound>10.0</upperBound>
      <lowerBound>-10.0</lowerBound>
      <delay>0</delay>
      <sendWeightedInput>true</sendWeightedInput>
    </org.simbrain.network.interfaces.Synapse>
    <org.simbrain.network.interfaces.Synapse>
      <parentNetwork class="org.simbrain.network.interfaces.RootNetwork" reference="../../.."/>
      <source reference="../../../neuronList/org.simbrain.network.interfaces.Neuron[3]"/>
      <target>
        <updateRule class="org.simbrain.network.neurons.LinearNeuron">
          <slope>1.0</slope>
          <bias>0.0</bias>
          <noiseGenerator>
            <distributionIndex>0</distributionIndex>
            <upperBound>1.0</upperBound>
            <lowerBound>-1.0</lowerBound>
            <mean>0.5</mean>
            <standardDeviation>0.5</standardDeviation>
            <clipping>false</clipping>
            <randomGenerator serialization="custom">
              <java.util.Random>
                <default>
                  <seed>114418442090062</seed>
                  <nextNextGaussian>0.0</nextNextGaussian>
                  <haveNextNextGaussian>false</haveNextNextGaussian>
                </default>
              </java.util.Random>
            </randomGenerator>
          </noiseGenerator>
          <addNoise>false</addNoise>
          <clipping>true</clipping>
        </updateRule>
        <id>Neuron_12</id>
        <label></label>
        <activation>0.0</activation>
        <lowerBound>0.0</lowerBound>
        <upperBound>1.0</upperBound>
        <increment>1.0</increment>
        <buffer>0.0</buffer>
        <inputValue>0.0</inputValue>
        <parent class="org.simbrain.network.networks.SOM">
          <updateInterval>50</updateInterval>
          <initAlpha>0.6</initAlpha>
          <alpha>0.0</alpha>
          <epochs>0</epochs>
          <neighborhoodSize>0.0</neighborhoodSize>
          <initNeighborhoodSize>100.0</initNeighborhoodSize>
          <winDistance>318.73695686107385</winDistance>
          <distance>1931.3103589720174</distance>
          <val>21.409632136996805</val>
          <numInputVectors>4</numInputVectors>
          <numNeurons>16</numNeurons>
          <vectorNumber>0</vectorNumber>
          <winner>0</winner>
          <batchSize>100</batchSize>
          <alphaDecayRate>0.05</alphaDecayRate>
          <neighborhoodDecayAmount>5</neighborhoodDecayAmount>
          <rootNetwork reference="../../../../.."/>
          <id>Network_1</id>
          <neuronList>
            <org.simbrain.network.interfaces.Neuron>
              <updateRule class="org.simbrain.network.neurons.LinearNeuron">
                <slope>1.0</slope>
                <bias>0.0</bias>
                <noiseGenerator>
                  <distributionIndex>0</distributionIndex>
                  <upperBound>1.0</upperBound>
                  <lowerBound>-1.0</lowerBound>
                  <mean>0.5</mean>
                  <standardDeviation>0.5</standardDeviation>
                  <clipping>false</clipping>
                  <randomGenerator serialization="custom">
                    <java.util.Random>
                      <default>
                        <seed>114418445234452</seed>
                        <nextNextGaussian>0.0</nextNextGaussian>
                        <haveNextNextGaussian>false</haveNextNextGaussian>
                      </default>
                    </java.util.Random>
                  </randomGenerator>
                </noiseGenerator>
                <addNoise>false</addNoise>
                <clipping>true</clipping>
              </updateRule>
              <id>Neuron_10</id>
              <label></label>
              <activation>1.0</activation>
              <lowerBound>0.0</lowerBound>
              <upperBound>1.0</upperBound>
              <increment>1.0</increment>
              <buffer>0.0</buffer>
              <inputValue>0.0</inputValue>
              <parent class="org.simbrain.network.networks.SOM" reference="../../.."/>
              <x>359.13669887571166</x>
              <y>304.6171782764522</y>
              <clamped>false</clamped>
              <targetValue>0.0</targetValue>
              <updatePriority>0</updatePriority>
            </org.simbrain.network.interfaces.Neuron>
            <org.simbrain.network.interfaces.Neuron>
              <updateRule class="org.simbrain.network.neurons.LinearNeuron">
                <slope>1.0</slope>
                <bias>0.0</bias>
                <noiseGenerator>
                  <distributionIndex>0</distributionIndex>
                  <upperBound>1.0</upperBound>
                  <lowerBound>-1.0</lowerBound>
                  <mean>0.5</mean>
                  <standardDeviation>0.5</standardDeviation>
                  <clipping>false</clipping>
                  <randomGenerator serialization="custom">
                    <java.util.Random>
                      <default>
                        <seed>114418444221743</seed>
                        <nextNextGaussian>0.0</nextNextGaussian>
                        <haveNextNextGaussian>false</haveNextNextGaussian>
                      </default>
                    </java.util.Random>
                  </randomGenerator>
                </noiseGenerator>
                <addNoise>false</addNoise>
                <clipping>true</clipping>
              </updateRule>
              <id>Neuron_11</id>
              <label></label>
              <activation>0.0</activation>
              <lowerBound>0.0</lowerBound>
              <upperBound>1.0</upperBound>
              <increment>1.0</increment>
              <buffer>0.0</buffer>
              <inputValue>0.0</inputValue>
              <parent class="org.simbrain.network.networks.SOM" reference="../../.."/>
              <x>409.13669887571166</x>
              <y>304.6171782764522</y>
              <clamped>false</clamped>
              <targetValue>0.0</targetValue>
              <updatePriority>0</updatePriority>
            </org.simbrain.network.interfaces.Neuron>
            <org.simbrain.network.interfaces.Neuron reference="../../.."/>
            <org.simbrain.network.interfaces.Neuron>
              <updateRule class="org.simbrain.network.neurons.LinearNeuron">
                <slope>1.0</slope>
                <bias>0.0</bias>
                <noiseGenerator>
                  <distributionIndex>0</distributionIndex>
                  <upperBound>1.0</upperBound>
                  <lowerBound>-1.0</lowerBound>
                  <mean>0.5</mean>
                  <standardDeviation>0.5</standardDeviation>
                  <clipping>false</clipping>
                  <randomGenerator serialization="custom">
                    <java.util.Random>
                      <default>
                        <seed>114418440399617</seed>
                        <nextNextGaussian>0.0</nextNextGaussian>
                        <haveNextNextGaussian>false</haveNextNextGaussian>
                      </default>
                    </java.util.Random>
                  </randomGenerator>
                </noiseGenerator>
                <addNoise>false</addNoise>
                <clipping>true</clipping>
              </updateRule>
              <id>Neuron_13</id>
              <label></label>
              <activation>0.0</activation>
              <lowerBound>0.0</lowerBound>
              <upperBound>1.0</upperBound>
              <increment>1.0</increment>
              <buffer>0.0</buffer>
              <inputValue>0.0</inputValue>
              <parent class="org.simbrain.network.networks.SOM" reference="../../.."/>
              <x>509.1366988757118</x>
              <y>304.6171782764522</y>
              <clamped>false</clamped>
              <targetValue>0.0</targetValue>
              <updatePriority>0</updatePriority>
            </org.simbrain.network.interfaces.Neuron>
            <org.simbrain.network.interfaces.Neuron>
              <updateRule class="org.simbrain.network.neurons.LinearNeuron">
                <slope>1.0</slope>
                <bias>0.0</bias>
                <noiseGenerator>
                  <distributionIndex>0</distributionIndex>
                  <upperBound>1.0</upperBound>
                  <lowerBound>-1.0</lowerBound>
                  <mean>0.5</mean>
                  <standardDeviation>0.5</standardDeviation>
                  <clipping>false</clipping>
                  <randomGenerator serialization="custom">
                    <java.util.Random>
                      <default>
                        <seed>114418436486376</seed>
                        <nextNextGaussian>0.0</nextNextGaussian>
                        <haveNextNextGaussian>false</haveNextNextGaussian>
                      </default>
                    </java.util.Random>
                  </randomGenerator>
                </noiseGenerator>
                <addNoise>false</addNoise>
                <clipping>true</clipping>
              </updateRule>
              <id>Neuron_14</id>
              <label></label>
              <activation>0.0</activation>
              <lowerBound>0.0</lowerBound>
              <upperBound>1.0</upperBound>
              <increment>1.0</increment>
              <buffer>0.0</buffer>
              <inputValue>0.0</inputValue>
              <parent class="org.simbrain.network.networks.SOM" reference="../../.."/>
              <x>384.1366988757116</x>
              <y>354.61717827645214</y>
              <clamped>false</clamped>
              <targetValue>0.0</targetValue>
              <updatePriority>0</updatePriority>
            </org.simbrain.network.interfaces.Neuron>
            <org.simbrain.network.interfaces.Neuron>
              <updateRule class="org.simbrain.network.neurons.LinearNeuron">
                <slope>1.0</slope>
                <bias>0.0</bias>
                <noiseGenerator>
                  <distributionIndex>0</distributionIndex>
                  <upperBound>1.0</upperBound>
                  <lowerBound>-1.0</lowerBound>
                  <mean>0.5</mean>
                  <standardDeviation>0.5</standardDeviation>
                  <clipping>false</clipping>
                  <randomGenerator serialization="custom">
                    <java.util.Random>
                      <default>
                        <seed>114418434660507</seed>
                        <nextNextGaussian>0.0</nextNextGaussian>
                        <haveNextNextGaussian>false</haveNextNextGaussian>
                      </default>
                    </java.util.Random>
                  </randomGenerator>
                </noiseGenerator>
                <addNoise>false</addNoise>
                <clipping>true</clipping>
              </updateRule>
              <id>Neuron_15</id>
              <label></label>
              <activation>0.0</activation>
              <lowerBound>0.0</lowerBound>
              <upperBound>1.0</upperBound>
              <increment>1.0</increment>
              <buffer>0.0</buffer>
              <inputValue>0.0</inputValue>
              <parent class="org.simbrain.network.networks.SOM" reference="../../.."/>
              <x>434.13669887571166</x>
              <y>354.61717827645214</y>
              <clamped>false</clamped>
              <targetValue>0.0</targetValue>
              <updatePriority>0</updatePriority>
            </org.simbrain.network.interfaces.Neuron>
            <org.simbrain.network.interfaces.Neuron>
              <updateRule class="org.simbrain.network.neurons.LinearNeuron">
                <slope>1.0</slope>
                <bias>0.0</bias>
                <noiseGenerator>
                  <distributionIndex>0</distributionIndex>
                  <upperBound>1.0</upperBound>
                  <lowerBound>-1.0</lowerBound>
                  <mean>0.5</mean>
                  <standardDeviation>0.5</standardDeviation>
                  <clipping>false</clipping>
                  <randomGenerator serialization="custom">
                    <java.util.Random>
                      <default>
                        <seed>114418432673914</seed>
                        <nextNextGaussian>0.0</nextNextGaussian>
                        <haveNextNextGaussian>false</haveNextNextGaussian>
                      </default>
                    </java.util.Random>
                  </randomGenerator>
                </noiseGenerator>
                <addNoise>false</addNoise>
                <clipping>true</clipping>
              </updateRule>
              <id>Neuron_16</id>
              <label></label>
              <activation>0.0</activation>
              <lowerBound>0.0</lowerBound>
              <upperBound>1.0</upperBound>
              <increment>1.0</increment>
              <buffer>0.0</buffer>
              <inputValue>0.0</inputValue>
              <parent class="org.simbrain.network.networks.SOM" reference="../../.."/>
              <x>484.13669887571166</x>
              <y>354.61717827645214</y>
              <clamped>false</clamped>
              <targetValue>0.0</targetValue>
              <updatePriority>0</updatePriority>
            </org.simbrain.network.interfaces.Neuron>
            <org.simbrain.network.interfaces.Neuron>
              <updateRule class="org.simbrain.network.neurons.LinearNeuron">
                <slope>1.0</slope>
                <bias>0.0</bias>
                <noiseGenerator>
                  <distributionIndex>0</distributionIndex>
                  <upperBound>1.0</upperBound>
                  <lowerBound>-1.0</lowerBound>
                  <mean>0.5</mean>
                  <standardDeviation>0.5</standardDeviation>
                  <clipping>false</clipping>
                  <randomGenerator serialization="custom">
                    <java.util.Random>
                      <default>
                        <seed>114418433310325</seed>
                        <nextNextGaussian>0.0</nextNextGaussian>
                        <haveNextNextGaussian>false</haveNextNextGaussian>
                      </default>
                    </java.util.Random>
                  </randomGenerator>
                </noiseGenerator>
                <addNoise>false</addNoise>
                <clipping>true</clipping>
              </updateRule>
              <id>Neuron_17</id>
              <label></label>
              <activation>0.0</activation>
              <lowerBound>0.0</lowerBound>
              <upperBound>1.0</upperBound>
              <increment>1.0</increment>
              <buffer>0.0</buffer>
              <inputValue>0.0</inputValue>
              <parent class="org.simbrain.network.networks.SOM" reference="../../.."/>
              <x>534.1366988757118</x>
              <y>354.61717827645214</y>
              <clamped>false</clamped>
              <targetValue>0.0</targetValue>
              <updatePriority>0</updatePriority>
            </org.simbrain.network.interfaces.Neuron>
            <org.simbrain.network.interfaces.Neuron>
              <updateRule class="org.simbrain.network.neurons.LinearNeuron">
                <slope>1.0</slope>
                <bias>0.0</bias>
                <noiseGenerator>
                  <distributionIndex>0</distributionIndex>
                  <upperBound>1.0</upperBound>
                  <lowerBound>-1.0</lowerBound>
                  <mean>0.5</mean>
                  <standardDeviation>0.5</standardDeviation>
                  <clipping>false</clipping>
                  <randomGenerator serialization="custom">
                    <java.util.Random>
                      <default>
                        <seed>114418465220972</seed>
                        <nextNextGaussian>0.0</nextNextGaussian>
                        <haveNextNextGaussian>false</haveNextNextGaussian>
                      </default>
                    </java.util.Random>
                  </randomGenerator>
                </noiseGenerator>
                <addNoise>false</addNoise>
                <clipping>true</clipping>
              </updateRule>
              <id>Neuron_18</id>
              <label></label>
              <activation>0.0</activation>
              <lowerBound>0.0</lowerBound>
              <upperBound>1.0</upperBound>
              <increment>1.0</increment>
              <buffer>0.0</buffer>
              <inputValue>0.0</inputValue>
              <parent class="org.simbrain.network.networks.SOM" reference="../../.."/>
              <x>359.13669887571166</x>
              <y>404.61717827645214</y>
              <clamped>false</clamped>
              <targetValue>0.0</targetValue>
              <updatePriority>0</updatePriority>
            </org.simbrain.network.interfaces.Neuron>
            <org.simbrain.network.interfaces.Neuron>
              <updateRule class="org.simbrain.network.neurons.LinearNeuron">
                <slope>1.0</slope>
                <bias>0.0</bias>
                <noiseGenerator>
                  <distributionIndex>0</distributionIndex>
                  <upperBound>1.0</upperBound>
                  <lowerBound>-1.0</lowerBound>
                  <mean>0.5</mean>
                  <standardDeviation>0.5</standardDeviation>
                  <clipping>false</clipping>
                  <randomGenerator serialization="custom">
                    <java.util.Random>
                      <default>
                        <seed>114418461777535</seed>
                        <nextNextGaussian>0.0</nextNextGaussian>
                        <haveNextNextGaussian>false</haveNextNextGaussian>
                      </default>
                    </java.util.Random>
                  </randomGenerator>
                </noiseGenerator>
                <addNoise>false</addNoise>
                <clipping>true</clipping>
              </updateRule>
              <id>Neuron_19</id>
              <label></label>
              <activation>0.0</activation>
              <lowerBound>0.0</lowerBound>
              <upperBound>1.0</upperBound>
              <increment>1.0</increment>
              <buffer>0.0</buffer>
              <inputValue>0.0</inputValue>
              <parent class="org.simbrain.network.networks.SOM" reference="../../.."/>
              <x>409.13669887571166</x>
              <y>404.61717827645214</y>
              <clamped>false</clamped>
              <targetValue>0.0</targetValue>
              <updatePriority>0</updatePriority>
            </org.simbrain.network.interfaces.Neuron>
            <org.simbrain.network.interfaces.Neuron>
              <updateRule class="org.simbrain.network.neurons.LinearNeuron">
                <slope>1.0</slope>
                <bias>0.0</bias>
                <noiseGenerator>
                  <distributionIndex>0</distributionIndex>
                  <upperBound>1.0</upperBound>
                  <lowerBound>-1.0</lowerBound>
                  <mean>0.5</mean>
                  <standardDeviation>0.5</standardDeviation>
                  <clipping>false</clipping>
                  <randomGenerator serialization="custom">
                    <java.util.Random>
                      <default>
                        <seed>114418462636494</seed>
                        <nextNextGaussian>0.0</nextNextGaussian>
                        <haveNextNextGaussian>false</haveNextNextGaussian>
                      </default>
                    </java.util.Random>
                  </randomGenerator>
                </noiseGenerator>
                <addNoise>false</addNoise>
                <clipping>true</clipping>
              </updateRule>
              <id>Neuron_20</id>
              <label></label>
              <activation>0.0</activation>
              <lowerBound>0.0</lowerBound>
              <upperBound>1.0</upperBound>
              <increment>1.0</increment>
              <buffer>0.0</buffer>
              <inputValue>0.0</inputValue>
              <parent class="org.simbrain.network.networks.SOM" reference="../../.."/>
              <x>459.13669887571166</x>
              <y>404.61717827645214</y>
              <clamped>false</clamped>
              <targetValue>0.0</targetValue>
              <updatePriority>0</updatePriority>
            </org.simbrain.network.interfaces.Neuron>
            <org.simbrain.network.interfaces.Neuron>
              <updateRule class="org.simbrain.network.neurons.LinearNeuron">
                <slope>1.0</slope>
                <bias>0.0</bias>
                <noiseGenerator>
                  <distributionIndex>0</distributionIndex>
                  <upperBound>1.0</upperBound>
                  <lowerBound>-1.0</lowerBound>
                  <mean>0.5</mean>
                  <standardDeviation>0.5</standardDeviation>
                  <clipping>false</clipping>
                  <randomGenerator serialization="custom">
                    <java.util.Random>
                      <default>
                        <seed>114418461408825</seed>
                        <nextNextGaussian>0.0</nextNextGaussian>
                        <haveNextNextGaussian>false</haveNextNextGaussian>
                      </default>
                    </java.util.Random>
                  </randomGenerator>
                </noiseGenerator>
                <addNoise>false</addNoise>
                <clipping>true</clipping>
              </updateRule>
              <id>Neuron_21</id>
              <label></label>
              <activation>0.0</activation>
              <lowerBound>0.0</lowerBound>
              <upperBound>1.0</upperBound>
              <increment>1.0</increment>
              <buffer>0.0</buffer>
              <inputValue>0.0</inputValue>
              <parent class="org.simbrain.network.networks.SOM" reference="../../.."/>
              <x>509.1366988757118</x>
              <y>404.61717827645214</y>
              <clamped>false</clamped>
              <targetValue>0.0</targetValue>
              <updatePriority>0</updatePriority>
            </org.simbrain.network.interfaces.Neuron>
            <org.simbrain.network.interfaces.Neuron>
              <updateRule class="org.simbrain.network.neurons.LinearNeuron">
                <slope>1.0</slope>
                <bias>0.0</bias>
                <noiseGenerator>
                  <distributionIndex>0</distributionIndex>
                  <upperBound>1.0</upperBound>
                  <lowerBound>-1.0</lowerBound>
                  <mean>0.5</mean>
                  <standardDeviation>0.5</standardDeviation>
                  <clipping>false</clipping>
                  <randomGenerator serialization="custom">
                    <java.util.Random>
                      <default>
                        <seed>114418457573456</seed>
                        <nextNextGaussian>0.0</nextNextGaussian>
                        <haveNextNextGaussian>false</haveNextNextGaussian>
                      </default>
                    </java.util.Random>
                  </randomGenerator>
                </noiseGenerator>
                <addNoise>false</addNoise>
                <clipping>true</clipping>
              </updateRule>
              <id>Neuron_22</id>
              <label></label>
              <activation>0.0</activation>
              <lowerBound>0.0</lowerBound>
              <upperBound>1.0</upperBound>
              <increment>1.0</increment>
              <buffer>0.0</buffer>
              <inputValue>0.0</inputValue>
              <parent class="org.simbrain.network.networks.SOM" reference="../../.."/>
              <x>384.1366988757116</x>
              <y>454.61717827645214</y>
              <clamped>false</clamped>
              <targetValue>0.0</targetValue>
              <updatePriority>0</updatePriority>
            </org.simbrain.network.interfaces.Neuron>
            <org.simbrain.network.interfaces.Neuron>
              <updateRule class="org.simbrain.network.neurons.LinearNeuron">
                <slope>1.0</slope>
                <bias>0.0</bias>
                <noiseGenerator>
                  <distributionIndex>0</distributionIndex>
                  <upperBound>1.0</upperBound>
                  <lowerBound>-1.0</lowerBound>
                  <mean>0.5</mean>
                  <standardDeviation>0.5</standardDeviation>
                  <clipping>false</clipping>
                  <randomGenerator serialization="custom">
                    <java.util.Random>
                      <default>
                        <seed>114418458316187</seed>
                        <nextNextGaussian>0.0</nextNextGaussian>
                        <haveNextNextGaussian>false</haveNextNextGaussian>
                      </default>
                    </java.util.Random>
                  </randomGenerator>
                </noiseGenerator>
                <addNoise>false</addNoise>
                <clipping>true</clipping>
              </updateRule>
              <id>Neuron_23</id>
              <label></label>
              <activation>0.0</activation>
              <lowerBound>0.0</lowerBound>
              <upperBound>1.0</upperBound>
              <increment>1.0</increment>
              <buffer>0.0</buffer>
              <inputValue>0.0</inputValue>
              <parent class="org.simbrain.network.networks.SOM" reference="../../.."/>
              <x>434.13669887571166</x>
              <y>454.61717827645214</y>
              <clamped>false</clamped>
              <targetValue>0.0</targetValue>
              <updatePriority>0</updatePriority>
            </org.simbrain.network.interfaces.Neuron>
            <org.simbrain.network.interfaces.Neuron>
              <updateRule class="org.simbrain.network.neurons.LinearNeuron">
                <slope>1.0</slope>
                <bias>0.0</bias>
                <noiseGenerator>
                  <distributionIndex>0</distributionIndex>
                  <upperBound>1.0</upperBound>
                  <lowerBound>-1.0</lowerBound>
                  <mean>0.5</mean>
                  <standardDeviation>0.5</standardDeviation>
                  <clipping>false</clipping>
                  <randomGenerator serialization="custom">
                    <java.util.Random>
                      <default>
                        <seed>114418457085650</seed>
                        <nextNextGaussian>0.0</nextNextGaussian>
                        <haveNextNextGaussian>false</haveNextNextGaussian>
                      </default>
                    </java.util.Random>
                  </randomGenerator>
                </noiseGenerator>
                <addNoise>false</addNoise>
                <clipping>true</clipping>
              </updateRule>
              <id>Neuron_24</id>
              <label></label>
              <activation>0.0</activation>
              <lowerBound>0.0</lowerBound>
              <upperBound>1.0</upperBound>
              <increment>1.0</increment>
              <buffer>0.0</buffer>
              <inputValue>0.0</inputValue>
              <parent class="org.simbrain.network.networks.SOM" reference="../../.."/>
              <x>484.13669887571166</x>
              <y>454.61717827645214</y>
              <clamped>false</clamped>
              <targetValue>0.0</targetValue>
              <updatePriority>0</updatePriority>
            </org.simbrain.network.interfaces.Neuron>
            <org.simbrain.network.interfaces.Neuron>
              <updateRule class="org.simbrain.network.neurons.LinearNeuron">
                <slope>1.0</slope>
                <bias>0.0</bias>
                <noiseGenerator>
                  <distributionIndex>0</distributionIndex>
                  <upperBound>1.0</upperBound>
                  <lowerBound>-1.0</lowerBound>
                  <mean>0.5</mean>
                  <standardDeviation>0.5</standardDeviation>
                  <clipping>false</clipping>
                  <randomGenerator serialization="custom">
                    <java.util.Random>
                      <default>
                        <seed>114418453646589</seed>
                        <nextNextGaussian>0.0</nextNextGaussian>
                        <haveNextNextGaussian>false</haveNextNextGaussian>
                      </default>
                    </java.util.Random>
                  </randomGenerator>
                </noiseGenerator>
                <addNoise>false</addNoise>
                <clipping>true</clipping>
              </updateRule>
              <id>Neuron_25</id>
              <label></label>
              <activation>0.0</activation>
              <lowerBound>0.0</lowerBound>
              <upperBound>1.0</upperBound>
              <increment>1.0</increment>
              <buffer>0.0</buffer>
              <inputValue>0.0</inputValue>
              <parent class="org.simbrain.network.networks.SOM" reference="../../.."/>
              <x>534.1366988757118</x>
              <y>454.61717827645214</y>
              <clamped>false</clamped>
              <targetValue>0.0</targetValue>
              <updatePriority>0</updatePriority>
            </org.simbrain.network.interfaces.Neuron>
          </neuronList>
          <synapseList/>
          <networkList/>
          <groupList/>
          <timeStep>0.2</timeStep>
          <roundOffActivationValues>false</roundOffActivationValues>
          <precision>0</precision>
          <parentNet class="org.simbrain.network.interfaces.RootNetwork" reference="../../../../.."/>
          <updatePriority>0</updatePriority>
        </parent>
        <x>459.13669887571166</x>
        <y>304.6171782764522</y>
        <clamped>false</clamped>
        <targetValue>0.0</targetValue>
        <updatePriority>0</updatePriority>
      </target>
      <learningRule class="org.simbrain.network.synapses.ClampedSynapse">
        <clipped>false</clipped>
      </learningRule>
      <id>Synapse_19</id>
      <strength>13.265301313179387</strength>
      <increment>1.0</increment>
      <upperBound>10.0</upperBound>
      <lowerBound>-10.0</lowerBound>
      <delay>0</delay>
      <sendWeightedInput>true</sendWeightedInput>
    </org.simbrain.network.interfaces.Synapse>
    <org.simbrain.network.interfaces.Synapse>
      <parentNetwork class="org.simbrain.network.interfaces.RootNetwork" reference="../../.."/>
      <source reference="../../../neuronList/org.simbrain.network.interfaces.Neuron[3]"/>
      <target reference="../../org.simbrain.network.interfaces.Synapse[5]/target/parent/neuronList/org.simbrain.network.interfaces.Neuron[14]"/>
      <learningRule class="org.simbrain.network.synapses.ClampedSynapse">
        <clipped>false</clipped>
      </learningRule>
      <id>Synapse_20</id>
      <strength>2.6413893057205335</strength>
      <increment>1.0</increment>
      <upperBound>10.0</upperBound>
      <lowerBound>-10.0</lowerBound>
      <delay>0</delay>
      <sendWeightedInput>true</sendWeightedInput>
    </org.simbrain.network.interfaces.Synapse>
    <org.simbrain.network.interfaces.Synapse>
      <parentNetwork class="org.simbrain.network.interfaces.RootNetwork" reference="../../.."/>
      <source reference="../../../neuronList/org.simbrain.network.interfaces.Neuron[3]"/>
      <target reference="../../org.simbrain.network.interfaces.Synapse[5]/target/parent/neuronList/org.simbrain.network.interfaces.Neuron[16]"/>
      <learningRule class="org.simbrain.network.synapses.ClampedSynapse">
        <clipped>false</clipped>
      </learningRule>
      <id>Synapse_21</id>
      <strength>1.7907748481087393</strength>
      <increment>1.0</increment>
      <upperBound>10.0</upperBound>
      <lowerBound>-10.0</lowerBound>
      <delay>0</delay>
      <sendWeightedInput>true</sendWeightedInput>
    </org.simbrain.network.interfaces.Synapse>
    <org.simbrain.network.interfaces.Synapse>
      <parentNetwork class="org.simbrain.network.interfaces.RootNetwork" reference="../../.."/>
      <source reference="../../../neuronList/org.simbrain.network.interfaces.Neuron[3]"/>
      <target reference="../../org.simbrain.network.interfaces.Synapse[5]/target/parent/neuronList/org.simbrain.network.interfaces.Neuron[9]"/>
      <learningRule class="org.simbrain.network.synapses.ClampedSynapse">
        <clipped>false</clipped>
      </learningRule>
      <id>Synapse_22</id>
      <strength>5.839380296243727</strength>
      <increment>1.0</increment>
      <upperBound>10.0</upperBound>
      <lowerBound>-10.0</lowerBound>
      <delay>0</delay>
      <sendWeightedInput>true</sendWeightedInput>
    </org.simbrain.network.interfaces.Synapse>
    <org.simbrain.network.interfaces.Synapse>
      <parentNetwork class="org.simbrain.network.interfaces.RootNetwork" reference="../../.."/>
      <source reference="../../../neuronList/org.simbrain.network.interfaces.Neuron[3]"/>
      <target reference="../../org.simbrain.network.interfaces.Synapse[5]/target/parent/neuronList/org.simbrain.network.interfaces.Neuron[6]"/>
      <learningRule class="org.simbrain.network.synapses.ClampedSynapse">
        <clipped>false</clipped>
      </learningRule>
      <id>Synapse_23</id>
      <strength>15.871132909576412</strength>
      <increment>1.0</increment>
      <upperBound>10.0</upperBound>
      <lowerBound>-10.0</lowerBound>
      <delay>0</delay>
      <sendWeightedInput>true</sendWeightedInput>
    </org.simbrain.network.interfaces.Synapse>
    <org.simbrain.network.interfaces.Synapse>
      <parentNetwork class="org.simbrain.network.interfaces.RootNetwork" reference="../../.."/>
      <source reference="../../../neuronList/org.simbrain.network.interfaces.Neuron[3]"/>
      <target reference="../../org.simbrain.network.interfaces.Synapse[5]/target/parent/neuronList/org.simbrain.network.interfaces.Neuron[10]"/>
      <learningRule class="org.simbrain.network.synapses.ClampedSynapse">
        <clipped>false</clipped>
      </learningRule>
      <id>Synapse_24</id>
      <strength>12.941298598170134</strength>
      <increment>1.0</increment>
      <upperBound>10.0</upperBound>
      <lowerBound>-10.0</lowerBound>
      <delay>0</delay>
      <sendWeightedInput>true</sendWeightedInput>
    </org.simbrain.network.interfaces.Synapse>
    <org.simbrain.network.interfaces.Synapse>
      <parentNetwork class="org.simbrain.network.interfaces.RootNetwork" reference="../../.."/>
      <source reference="../../../neuronList/org.simbrain.network.interfaces.Neuron[3]"/>
      <target reference="../../org.simbrain.network.interfaces.Synapse[5]/target/parent/neuronList/org.simbrain.network.interfaces.Neuron"/>
      <learningRule class="org.simbrain.network.synapses.ClampedSynapse">
        <clipped>false</clipped>
      </learningRule>
      <id>Synapse_25</id>
      <strength>19.14696803425296</strength>
      <increment>1.0</increment>
      <upperBound>10.0</upperBound>
      <lowerBound>-10.0</lowerBound>
      <delay>0</delay>
      <sendWeightedInput>true</sendWeightedInput>
    </org.simbrain.network.interfaces.Synapse>
    <org.simbrain.network.interfaces.Synapse>
      <parentNetwork class="org.simbrain.network.interfaces.RootNetwork" reference="../../.."/>
      <source reference="../../../neuronList/org.simbrain.network.interfaces.Neuron[3]"/>
      <target reference="../../org.simbrain.network.interfaces.Synapse[5]/target/parent/neuronList/org.simbrain.network.interfaces.Neuron[7]"/>
      <learningRule class="org.simbrain.network.synapses.ClampedSynapse">
        <clipped>false</clipped>
      </learningRule>
      <id>Synapse_26</id>
      <strength>12.608330864534235</strength>
      <increment>1.0</increment>
      <upperBound>10.0</upperBound>
      <lowerBound>-10.0</lowerBound>
      <delay>0</delay>
      <sendWeightedInput>true</sendWeightedInput>
    </org.simbrain.network.interfaces.Synapse>
    <org.simbrain.network.interfaces.Synapse>
      <parentNetwork class="org.simbrain.network.interfaces.RootNetwork" reference="../../.."/>
      <source reference="../../../neuronList/org.simbrain.network.interfaces.Neuron[3]"/>
      <target reference="../../org.simbrain.network.interfaces.Synapse[5]/target/parent/neuronList/org.simbrain.network.interfaces.Neuron[8]"/>
      <learningRule class="org.simbrain.network.synapses.ClampedSynapse">
        <clipped>false</clipped>
      </learningRule>
      <id>Synapse_27</id>
      <strength>9.830064973754572</strength>
      <increment>1.0</increment>
      <upperBound>10.0</upperBound>
      <lowerBound>-10.0</lowerBound>
      <delay>0</delay>
      <sendWeightedInput>true</sendWeightedInput>
    </org.simbrain.network.interfaces.Synapse>
    <org.simbrain.network.interfaces.Synapse>
      <parentNetwork class="org.simbrain.network.interfaces.RootNetwork" reference="../../.."/>
      <source reference="../../../neuronList/org.simbrain.network.interfaces.Neuron[3]"/>
      <target reference="../../org.simbrain.network.interfaces.Synapse[5]/target/parent/neuronList/org.simbrain.network.interfaces.Neuron[12]"/>
      <learningRule class="org.simbrain.network.synapses.ClampedSynapse">
        <clipped>false</clipped>
      </learningRule>
      <id>Synapse_28</id>
      <strength>10.362490198427455</strength>
      <increment>1.0</increment>
      <upperBound>10.0</upperBound>
      <lowerBound>-10.0</lowerBound>
      <delay>0</delay>
      <sendWeightedInput>true</sendWeightedInput>
    </org.simbrain.network.interfaces.Synapse>
    <org.simbrain.network.interfaces.Synapse>
      <parentNetwork class="org.simbrain.network.interfaces.RootNetwork" reference="../../.."/>
      <source reference="../../../neuronList/org.simbrain.network.interfaces.Neuron[3]"/>
      <target reference="../../org.simbrain.network.interfaces.Synapse[5]/target/parent/neuronList/org.simbrain.network.interfaces.Neuron[11]"/>
      <learningRule class="org.simbrain.network.synapses.ClampedSynapse">
        <clipped>false</clipped>
      </learningRule>
      <id>Synapse_29</id>
      <strength>10.881379579734288</strength>
      <increment>1.0</increment>
      <upperBound>10.0</upperBound>
      <lowerBound>-10.0</lowerBound>
      <delay>0</delay>
      <sendWeightedInput>true</sendWeightedInput>
    </org.simbrain.network.interfaces.Synapse>
    <org.simbrain.network.interfaces.Synapse>
      <parentNetwork class="org.simbrain.network.interfaces.RootNetwork" reference="../../.."/>
      <source reference="../../../neuronList/org.simbrain.network.interfaces.Neuron[3]"/>
      <target reference="../../org.simbrain.network.interfaces.Synapse[5]/target/parent/neuronList/org.simbrain.network.interfaces.Neuron[5]"/>
      <learningRule class="org.simbrain.network.synapses.ClampedSynapse">
        <clipped>false</clipped>
      </learningRule>
      <id>Synapse_30</id>
      <strength>17.962258082807423</strength>
      <increment>1.0</increment>
      <upperBound>10.0</upperBound>
      <lowerBound>-10.0</lowerBound>
      <delay>0</delay>
      <sendWeightedInput>true</sendWeightedInput>
    </org.simbrain.network.interfaces.Synapse>
    <org.simbrain.network.interfaces.Synapse>
      <parentNetwork class="org.simbrain.network.interfaces.RootNetwork" reference="../../.."/>
      <source reference="../../../neuronList/org.simbrain.network.interfaces.Neuron[3]"/>
      <target reference="../../org.simbrain.network.interfaces.Synapse[5]/target/parent/neuronList/org.simbrain.network.interfaces.Neuron[4]"/>
      <learningRule class="org.simbrain.network.synapses.ClampedSynapse">
        <clipped>false</clipped>
      </learningRule>
      <id>Synapse_31</id>
      <strength>10.665591298345355</strength>
      <increment>1.0</increment>
      <upperBound>10.0</upperBound>
      <lowerBound>-10.0</lowerBound>
      <delay>0</delay>
      <sendWeightedInput>true</sendWeightedInput>
    </org.simbrain.network.interfaces.Synapse>
    <org.simbrain.network.interfaces.Synapse>
      <parentNetwork class="org.simbrain.network.interfaces.RootNetwork" reference="../../.."/>
      <source reference="../../../neuronList/org.simbrain.network.interfaces.Neuron[3]"/>
      <target reference="../../org.simbrain.network.interfaces.Synapse[5]/target/parent/neuronList/org.simbrain.network.interfaces.Neuron[2]"/>
      <learningRule class="org.simbrain.network.synapses.ClampedSynapse">
        <clipped>false</clipped>
      </learningRule>
      <id>Synapse_32</id>
      <strength>17.620749363748466</strength>
      <increment>1.0</increment>
      <upperBound>10.0</upperBound>
      <lowerBound>-10.0</lowerBound>
      <delay>0</delay>
      <sendWeightedInput>true</sendWeightedInput>
    </org.simbrain.network.interfaces.Synapse>
    <org.simbrain.network.interfaces.Synapse>
      <parentNetwork class="org.simbrain.network.interfaces.RootNetwork" reference="../../.."/>
      <source reference="../../../neuronList/org.simbrain.network.interfaces.Neuron[3]"/>
      <target reference="../../org.simbrain.network.interfaces.Synapse[5]/target/parent/neuronList/org.simbrain.network.interfaces.Neuron[15]"/>
      <learningRule class="org.simbrain.network.synapses.ClampedSynapse">
        <clipped>false</clipped>
      </learningRule>
      <id>Synapse_33</id>
      <strength>8.325434334195895</strength>
      <increment>1.0</increment>
      <upperBound>10.0</upperBound>
      <lowerBound>-10.0</lowerBound>
      <delay>0</delay>
      <sendWeightedInput>true</sendWeightedInput>
    </org.simbrain.network.interfaces.Synapse>
    <org.simbrain.network.interfaces.Synapse>
      <parentNetwork class="org.simbrain.network.interfaces.RootNetwork" reference="../../.."/>
      <source reference="../../../neuronList/org.simbrain.network.interfaces.Neuron[3]"/>
      <target reference="../../org.simbrain.network.interfaces.Synapse[5]/target/parent/neuronList/org.simbrain.network.interfaces.Neuron[13]"/>
      <learningRule class="org.simbrain.network.synapses.ClampedSynapse">
        <clipped>false</clipped>
      </learningRule>
      <id>Synapse_34</id>
      <strength>2.4108483839615356</strength>
      <increment>1.0</increment>
      <upperBound>10.0</upperBound>
      <lowerBound>-10.0</lowerBound>
      <delay>0</delay>
      <sendWeightedInput>true</sendWeightedInput>
    </org.simbrain.network.interfaces.Synapse>
    <org.simbrain.network.interfaces.Synapse>
      <parentNetwork class="org.simbrain.network.interfaces.RootNetwork" reference="../../.."/>
      <source reference="../../../neuronList/org.simbrain.network.interfaces.Neuron[4]"/>
      <target reference="../../org.simbrain.network.interfaces.Synapse[5]/target"/>
      <learningRule class="org.simbrain.network.synapses.ClampedSynapse">
        <clipped>false</clipped>
      </learningRule>
      <id>Synapse_35</id>
      <strength>13.864873429255836</strength>
      <increment>1.0</increment>
      <upperBound>10.0</upperBound>
      <lowerBound>-10.0</lowerBound>
      <delay>0</delay>
      <sendWeightedInput>true</sendWeightedInput>
    </org.simbrain.network.interfaces.Synapse>
    <org.simbrain.network.interfaces.Synapse>
      <parentNetwork class="org.simbrain.network.interfaces.RootNetwork" reference="../../.."/>
      <source reference="../../../neuronList/org.simbrain.network.interfaces.Neuron[4]"/>
      <target reference="../../org.simbrain.network.interfaces.Synapse[5]/target/parent/neuronList/org.simbrain.network.interfaces.Neuron[14]"/>
      <learningRule class="org.simbrain.network.synapses.ClampedSynapse">
        <clipped>false</clipped>
      </learningRule>
      <id>Synapse_36</id>
      <strength>2.7378360670759223</strength>
      <increment>1.0</increment>
      <upperBound>10.0</upperBound>
      <lowerBound>-10.0</lowerBound>
      <delay>0</delay>
      <sendWeightedInput>true</sendWeightedInput>
    </org.simbrain.network.interfaces.Synapse>
    <org.simbrain.network.interfaces.Synapse>
      <parentNetwork class="org.simbrain.network.interfaces.RootNetwork" reference="../../.."/>
      <source reference="../../../neuronList/org.simbrain.network.interfaces.Neuron[4]"/>
      <target reference="../../org.simbrain.network.interfaces.Synapse[5]/target/parent/neuronList/org.simbrain.network.interfaces.Neuron[16]"/>
      <learningRule class="org.simbrain.network.synapses.ClampedSynapse">
        <clipped>false</clipped>
      </learningRule>
      <id>Synapse_37</id>
      <strength>1.8018081335320917</strength>
      <increment>1.0</increment>
      <upperBound>10.0</upperBound>
      <lowerBound>-10.0</lowerBound>
      <delay>0</delay>
      <sendWeightedInput>true</sendWeightedInput>
    </org.simbrain.network.interfaces.Synapse>
    <org.simbrain.network.interfaces.Synapse>
      <parentNetwork class="org.simbrain.network.interfaces.RootNetwork" reference="../../.."/>
      <source reference="../../../neuronList/org.simbrain.network.interfaces.Neuron[4]"/>
      <target reference="../../org.simbrain.network.interfaces.Synapse[5]/target/parent/neuronList/org.simbrain.network.interfaces.Neuron[9]"/>
      <learningRule class="org.simbrain.network.synapses.ClampedSynapse">
        <clipped>false</clipped>
      </learningRule>
      <id>Synapse_38</id>
      <strength>6.318083194344535</strength>
      <increment>1.0</increment>
      <upperBound>10.0</upperBound>
      <lowerBound>-10.0</lowerBound>
      <delay>0</delay>
      <sendWeightedInput>true</sendWeightedInput>
    </org.simbrain.network.interfaces.Synapse>
    <org.simbrain.network.interfaces.Synapse>
      <parentNetwork class="org.simbrain.network.interfaces.RootNetwork" reference="../../.."/>
      <source reference="../../../neuronList/org.simbrain.network.interfaces.Neuron[4]"/>
      <target reference="../../org.simbrain.network.interfaces.Synapse[5]/target/parent/neuronList/org.simbrain.network.interfaces.Neuron[6]"/>
      <learningRule class="org.simbrain.network.synapses.ClampedSynapse">
        <clipped>false</clipped>
      </learningRule>
      <id>Synapse_39</id>
      <strength>17.41554937406904</strength>
      <increment>1.0</increment>
      <upperBound>10.0</upperBound>
      <lowerBound>-10.0</lowerBound>
      <delay>0</delay>
      <sendWeightedInput>true</sendWeightedInput>
    </org.simbrain.network.interfaces.Synapse>
    <org.simbrain.network.interfaces.Synapse>
      <parentNetwork class="org.simbrain.network.interfaces.RootNetwork" reference="../../.."/>
      <source reference="../../../neuronList/org.simbrain.network.interfaces.Neuron[4]"/>
      <target reference="../../org.simbrain.network.interfaces.Synapse[5]/target/parent/neuronList/org.simbrain.network.interfaces.Neuron[10]"/>
      <learningRule class="org.simbrain.network.synapses.ClampedSynapse">
        <clipped>false</clipped>
      </learningRule>
      <id>Synapse_40</id>
      <strength>13.954945874435209</strength>
      <increment>1.0</increment>
      <upperBound>10.0</upperBound>
      <lowerBound>-10.0</lowerBound>
      <delay>0</delay>
      <sendWeightedInput>true</sendWeightedInput>
    </org.simbrain.network.interfaces.Synapse>
    <org.simbrain.network.interfaces.Synapse>
      <parentNetwork class="org.simbrain.network.interfaces.RootNetwork" reference="../../.."/>
      <source reference="../../../neuronList/org.simbrain.network.interfaces.Neuron[4]"/>
      <target reference="../../org.simbrain.network.interfaces.Synapse[5]/target/parent/neuronList/org.simbrain.network.interfaces.Neuron"/>
      <learningRule class="org.simbrain.network.synapses.ClampedSynapse">
        <clipped>false</clipped>
      </learningRule>
      <id>Synapse_41</id>
      <strength>21.409632136996805</strength>
      <increment>1.0</increment>
      <upperBound>10.0</upperBound>
      <lowerBound>-10.0</lowerBound>
      <delay>0</delay>
      <sendWeightedInput>true</sendWeightedInput>
    </org.simbrain.network.interfaces.Synapse>
    <org.simbrain.network.interfaces.Synapse>
      <parentNetwork class="org.simbrain.network.interfaces.RootNetwork" reference="../../.."/>
      <source reference="../../../neuronList/org.simbrain.network.interfaces.Neuron[4]"/>
      <target reference="../../org.simbrain.network.interfaces.Synapse[5]/target/parent/neuronList/org.simbrain.network.interfaces.Neuron[7]"/>
      <learningRule class="org.simbrain.network.synapses.ClampedSynapse">
        <clipped>false</clipped>
      </learningRule>
      <id>Synapse_42</id>
      <strength>13.087025611271258</strength>
      <increment>1.0</increment>
      <upperBound>10.0</upperBound>
      <lowerBound>-10.0</lowerBound>
      <delay>0</delay>
      <sendWeightedInput>true</sendWeightedInput>
    </org.simbrain.network.interfaces.Synapse>
    <org.simbrain.network.interfaces.Synapse>
      <parentNetwork class="org.simbrain.network.interfaces.RootNetwork" reference="../../.."/>
      <source reference="../../../neuronList/org.simbrain.network.interfaces.Neuron[4]"/>
      <target reference="../../org.simbrain.network.interfaces.Synapse[5]/target/parent/neuronList/org.simbrain.network.interfaces.Neuron[8]"/>
      <learningRule class="org.simbrain.network.synapses.ClampedSynapse">
        <clipped>false</clipped>
      </learningRule>
      <id>Synapse_43</id>
      <strength>9.794044819653616</strength>
      <increment>1.0</increment>
      <upperBound>10.0</upperBound>
      <lowerBound>-10.0</lowerBound>
      <delay>0</delay>
      <sendWeightedInput>true</sendWeightedInput>
    </org.simbrain.network.interfaces.Synapse>
    <org.simbrain.network.interfaces.Synapse>
      <parentNetwork class="org.simbrain.network.interfaces.RootNetwork" reference="../../.."/>
      <source reference="../../../neuronList/org.simbrain.network.interfaces.Neuron[4]"/>
      <target reference="../../org.simbrain.network.interfaces.Synapse[5]/target/parent/neuronList/org.simbrain.network.interfaces.Neuron[12]"/>
      <learningRule class="org.simbrain.network.synapses.ClampedSynapse">
        <clipped>false</clipped>
      </learningRule>
      <id>Synapse_44</id>
      <strength>10.625351281854725</strength>
      <increment>1.0</increment>
      <upperBound>10.0</upperBound>
      <lowerBound>-10.0</lowerBound>
      <delay>0</delay>
      <sendWeightedInput>true</sendWeightedInput>
    </org.simbrain.network.interfaces.Synapse>
    <org.simbrain.network.interfaces.Synapse>
      <parentNetwork class="org.simbrain.network.interfaces.RootNetwork" reference="../../.."/>
      <source reference="../../../neuronList/org.simbrain.network.interfaces.Neuron[4]"/>
      <target reference="../../org.simbrain.network.interfaces.Synapse[5]/target/parent/neuronList/org.simbrain.network.interfaces.Neuron[11]"/>
      <learningRule class="org.simbrain.network.synapses.ClampedSynapse">
        <clipped>false</clipped>
      </learningRule>
      <id>Synapse_45</id>
      <strength>11.397752736236777</strength>
      <increment>1.0</increment>
      <upperBound>10.0</upperBound>
      <lowerBound>-10.0</lowerBound>
      <delay>0</delay>
      <sendWeightedInput>true</sendWeightedInput>
    </org.simbrain.network.interfaces.Synapse>
    <org.simbrain.network.interfaces.Synapse>
      <parentNetwork class="org.simbrain.network.interfaces.RootNetwork" reference="../../.."/>
      <source reference="../../../neuronList/org.simbrain.network.interfaces.Neuron[4]"/>
      <target reference="../../org.simbrain.network.interfaces.Synapse[5]/target/parent/neuronList/org.simbrain.network.interfaces.Neuron[5]"/>
      <learningRule class="org.simbrain.network.synapses.ClampedSynapse">
        <clipped>false</clipped>
      </learningRule>
      <id>Synapse_46</id>
      <strength>20.02699426775059</strength>
      <increment>1.0</increment>
      <upperBound>10.0</upperBound>
      <lowerBound>-10.0</lowerBound>
      <delay>0</delay>
      <sendWeightedInput>true</sendWeightedInput>
    </org.simbrain.network.interfaces.Synapse>
    <org.simbrain.network.interfaces.Synapse>
      <parentNetwork class="org.simbrain.network.interfaces.RootNetwork" reference="../../.."/>
      <source reference="../../../neuronList/org.simbrain.network.interfaces.Neuron[4]"/>
      <target reference="../../org.simbrain.network.interfaces.Synapse[5]/target/parent/neuronList/org.simbrain.network.interfaces.Neuron[4]"/>
      <learningRule class="org.simbrain.network.synapses.ClampedSynapse">
        <clipped>false</clipped>
      </learningRule>
      <id>Synapse_47</id>
      <strength>10.769615785577098</strength>
      <increment>1.0</increment>
      <upperBound>10.0</upperBound>
      <lowerBound>-10.0</lowerBound>
      <delay>0</delay>
      <sendWeightedInput>true</sendWeightedInput>
    </org.simbrain.network.interfaces.Synapse>
    <org.simbrain.network.interfaces.Synapse>
      <parentNetwork class="org.simbrain.network.interfaces.RootNetwork" reference="../../.."/>
      <source reference="../../../neuronList/org.simbrain.network.interfaces.Neuron[4]"/>
      <target reference="../../org.simbrain.network.interfaces.Synapse[5]/target/parent/neuronList/org.simbrain.network.interfaces.Neuron[2]"/>
      <learningRule class="org.simbrain.network.synapses.ClampedSynapse">
        <clipped>false</clipped>
      </learningRule>
      <id>Synapse_48</id>
      <strength>19.412792961625453</strength>
      <increment>1.0</increment>
      <upperBound>10.0</upperBound>
      <lowerBound>-10.0</lowerBound>
      <delay>0</delay>
      <sendWeightedInput>true</sendWeightedInput>
    </org.simbrain.network.interfaces.Synapse>
    <org.simbrain.network.interfaces.Synapse>
      <parentNetwork class="org.simbrain.network.interfaces.RootNetwork" reference="../../.."/>
      <source reference="../../../neuronList/org.simbrain.network.interfaces.Neuron[4]"/>
      <target reference="../../org.simbrain.network.interfaces.Synapse[5]/target/parent/neuronList/org.simbrain.network.interfaces.Neuron[15]"/>
      <learningRule class="org.simbrain.network.synapses.ClampedSynapse">
        <clipped>false</clipped>
      </learningRule>
      <id>Synapse_49</id>
      <strength>8.606951645884696</strength>
      <increment>1.0</increment>
      <upperBound>10.0</upperBound>
      <lowerBound>-10.0</lowerBound>
      <delay>0</delay>
      <sendWeightedInput>true</sendWeightedInput>
    </org.simbrain.network.interfaces.Synapse>
    <org.simbrain.network.interfaces.Synapse>
      <parentNetwork class="org.simbrain.network.interfaces.RootNetwork" reference="../../.."/>
      <source reference="../../../neuronList/org.simbrain.network.interfaces.Neuron[4]"/>
      <target reference="../../org.simbrain.network.interfaces.Synapse[5]/target/parent/neuronList/org.simbrain.network.interfaces.Neuron[13]"/>
      <learningRule class="org.simbrain.network.synapses.ClampedSynapse">
        <clipped>false</clipped>
      </learningRule>
      <id>Synapse_50</id>
      <strength>2.514395980874984</strength>
      <increment>1.0</increment>
      <upperBound>10.0</upperBound>
      <lowerBound>-10.0</lowerBound>
      <delay>0</delay>
      <sendWeightedInput>true</sendWeightedInput>
    </org.simbrain.network.interfaces.Synapse>
  </synapseList>
  <networkList>
    <org.simbrain.network.networks.SOM reference="../../synapseList/org.simbrain.network.interfaces.Synapse[5]/target/parent"/>
  </networkList>
  <groupList/>
  <timeStep defined-in="org.simbrain.network.interfaces.Network">0.2</timeStep>
  <roundOffActivationValues>false</roundOffActivationValues>
  <precision>0</precision>
  <updatePriority>0</updatePriority>
</org.simbrain.network.interfaces.RootNetwork>