<org.simbrain.network.interfaces.RootNetwork>
  <time>14453.0</time>
  <timeStep>0.01</timeStep>
  <clampWeights>false</clampWeights>
  <clampNeurons>false</clampNeurons>
  <timeType>DISCRETE</timeType>
  <updateMethod class="org.simbrain.network.interfaces.RootNetwork$UpdateMethod">BUFFERED</updateMethod>
  <textList/>
  <prioritySortedNeuronList/>
  <priorityComparator>
    <outer-class reference="../.."/>
  </priorityComparator>
  <networkIdGenerator>
    <rootName>Network</rootName>
    <index>1</index>
  </networkIdGenerator>
  <neuronIdGenerator>
    <rootName>Neuron</rootName>
    <index>6</index>
  </neuronIdGenerator>
  <synapseIdGenerator>
    <rootName>Synapse</rootName>
    <index>9</index>
  </synapseIdGenerator>
  <groupIdGenerator>
    <rootName>Group</rootName>
    <index>1</index>
  </groupIdGenerator>
  <rootNetwork reference=".."/>
  <id>avoider.xml</id>
  <neuronList>
    <org.simbrain.network.interfaces.Neuron>
      <updateRule class="org.simbrain.network.neurons.LinearNeuron">
        <slope>1.0</slope>
        <bias>1.0</bias>
        <noiseGenerator>
          <distributionIndex>0</distributionIndex>
          <upperBound>1.0</upperBound>
          <lowerBound>-1.0</lowerBound>
          <mean>0.5</mean>
          <standardDeviation>0.5</standardDeviation>
          <clipping>true</clipping>
          <randomGenerator serialization="custom">
            <java.util.Random>
              <default>
                <seed>93036981400783</seed>
                <nextNextGaussian>0.0</nextNextGaussian>
                <haveNextNextGaussian>false</haveNextNextGaussian>
              </default>
            </java.util.Random>
          </randomGenerator>
        </noiseGenerator>
        <addNoise>false</addNoise>
        <clipping>true</clipping>
      </updateRule>
      <id>Neuron_1</id>
      <label>forward</label>
      <activation>1.0</activation>
      <lowerBound>0.0</lowerBound>
      <upperBound>10.0</upperBound>
      <increment>0.1</increment>
      <buffer>1.0</buffer>
      <inputValue>0.0</inputValue>
      <parent class="org.simbrain.network.interfaces.RootNetwork" reference="../../.."/>
      <x>156.25781285625146</x>
      <y>127.5539267023857</y>
      <clamped>false</clamped>
      <targetValue>0.0</targetValue>
      <updatePriority>0</updatePriority>
    </org.simbrain.network.interfaces.Neuron>
    <org.simbrain.network.interfaces.Neuron>
      <updateRule class="org.simbrain.network.neurons.LinearNeuron">
        <slope>1.0</slope>
        <bias>0.0</bias>
        <noiseGenerator>
          <distributionIndex>0</distributionIndex>
          <upperBound>1.0</upperBound>
          <lowerBound>-1.0</lowerBound>
          <mean>0.5</mean>
          <standardDeviation>0.5</standardDeviation>
          <clipping>false</clipping>
          <randomGenerator serialization="custom">
            <java.util.Random>
              <default>
                <seed>93036980734793</seed>
                <nextNextGaussian>0.0</nextNextGaussian>
                <haveNextNextGaussian>false</haveNextNextGaussian>
              </default>
            </java.util.Random>
          </randomGenerator>
        </noiseGenerator>
        <addNoise>false</addNoise>
        <clipping>true</clipping>
      </updateRule>
      <id>Neuron_2</id>
      <label>left sensor</label>
      <activation>5.955348975530164</activation>
      <lowerBound>-1.0</lowerBound>
      <upperBound>100.0</upperBound>
      <increment>0.1</increment>
      <buffer>5.955348975530164</buffer>
      <inputValue>0.0</inputValue>
      <parent class="org.simbrain.network.interfaces.RootNetwork" reference="../../.."/>
      <x>95.0</x>
      <y>203.229090692645</y>
      <clamped>false</clamped>
      <targetValue>0.0</targetValue>
      <updatePriority>0</updatePriority>
    </org.simbrain.network.interfaces.Neuron>
    <org.simbrain.network.interfaces.Neuron>
      <updateRule class="org.simbrain.network.neurons.LinearNeuron">
        <slope>1.0</slope>
        <bias>0.0</bias>
        <noiseGenerator>
          <distributionIndex>0</distributionIndex>
          <upperBound>1.0</upperBound>
          <lowerBound>-1.0</lowerBound>
          <mean>0.5</mean>
          <standardDeviation>0.5</standardDeviation>
          <clipping>false</clipping>
          <randomGenerator serialization="custom">
            <java.util.Random>
              <default>
                <seed>93036980824867</seed>
                <nextNextGaussian>0.0</nextNextGaussian>
                <haveNextNextGaussian>false</haveNextNextGaussian>
              </default>
            </java.util.Random>
          </randomGenerator>
        </noiseGenerator>
        <addNoise>false</addNoise>
        <clipping>true</clipping>
      </updateRule>
      <id>Neuron_3</id>
      <label>go right</label>
      <activation>17.544197458781838</activation>
      <lowerBound>-1.0</lowerBound>
      <upperBound>20.0</upperBound>
      <increment>0.1</increment>
      <buffer>17.544197458781838</buffer>
      <inputValue>0.0</inputValue>
      <parent class="org.simbrain.network.interfaces.RootNetwork" reference="../../.."/>
      <x>220.09828650255946</x>
      <y>125.89214659522861</y>
      <clamped>false</clamped>
      <targetValue>0.0</targetValue>
      <updatePriority>0</updatePriority>
    </org.simbrain.network.interfaces.Neuron>
    <org.simbrain.network.interfaces.Neuron>
      <updateRule class="org.simbrain.network.neurons.LinearNeuron">
        <slope>1.0</slope>
        <bias>0.0</bias>
        <noiseGenerator>
          <distributionIndex>0</distributionIndex>
          <upperBound>1.0</upperBound>
          <lowerBound>-1.0</lowerBound>
          <mean>0.5</mean>
          <standardDeviation>0.5</standardDeviation>
          <clipping>false</clipping>
          <randomGenerator serialization="custom">
            <java.util.Random>
              <default>
                <seed>93036980882453</seed>
                <nextNextGaussian>0.0</nextNextGaussian>
                <haveNextNextGaussian>false</haveNextNextGaussian>
              </default>
            </java.util.Random>
          </randomGenerator>
        </noiseGenerator>
        <addNoise>false</addNoise>
        <clipping>true</clipping>
      </updateRule>
      <id>Neuron_4</id>
      <label>right sensor</label>
      <activation>1.7177339969335765</activation>
      <lowerBound>-1.0</lowerBound>
      <upperBound>100.0</upperBound>
      <increment>0.1</increment>
      <buffer>1.7177339969335765</buffer>
      <inputValue>0.0</inputValue>
      <parent class="org.simbrain.network.interfaces.RootNetwork" reference="../../.."/>
      <x>219.19736101658026</x>
      <y>203.3320025519369</y>
      <clamped>false</clamped>
      <targetValue>0.0</targetValue>
      <updatePriority>0</updatePriority>
    </org.simbrain.network.interfaces.Neuron>
    <org.simbrain.network.interfaces.Neuron>
      <updateRule class="org.simbrain.network.neurons.LinearNeuron">
        <slope>1.0</slope>
        <bias>0.0</bias>
        <noiseGenerator>
          <distributionIndex>0</distributionIndex>
          <upperBound>1.0</upperBound>
          <lowerBound>-1.0</lowerBound>
          <mean>0.5</mean>
          <standardDeviation>0.5</standardDeviation>
          <clipping>false</clipping>
          <randomGenerator serialization="custom">
            <java.util.Random>
              <default>
                <seed>93036980970687</seed>
                <nextNextGaussian>0.0</nextNextGaussian>
                <haveNextNextGaussian>false</haveNextNextGaussian>
              </default>
            </java.util.Random>
          </randomGenerator>
        </noiseGenerator>
        <addNoise>false</addNoise>
        <clipping>true</clipping>
      </updateRule>
      <id>Neuron_5</id>
      <label>go left</label>
      <activation>3.623999774018399</activation>
      <lowerBound>-1.0</lowerBound>
      <upperBound>20.0</upperBound>
      <increment>0.1</increment>
      <buffer>3.623999774018399</buffer>
      <inputValue>0.0</inputValue>
      <parent class="org.simbrain.network.interfaces.RootNetwork" reference="../../.."/>
      <x>94.59412147095861</x>
      <y>124.7842931904572</y>
      <clamped>false</clamped>
      <targetValue>0.0</targetValue>
      <updatePriority>0</updatePriority>
    </org.simbrain.network.interfaces.Neuron>
  </neuronList>
  <synapseList>
    <org.simbrain.network.interfaces.Synapse>
      <parentNetwork class="org.simbrain.network.interfaces.RootNetwork" reference="../../.."/>
      <source reference="../../../neuronList/org.simbrain.network.interfaces.Neuron[4]"/>
      <target reference="../../../neuronList/org.simbrain.network.interfaces.Neuron[5]"/>
      <learningRule class="org.simbrain.network.synapses.ClampedSynapse">
        <clipped>false</clipped>
      </learningRule>
      <id>Synapse_5</id>
      <strength>2.0</strength>
      <increment>1.0</increment>
      <upperBound>10.0</upperBound>
      <lowerBound>-10.0</lowerBound>
      <delay>0</delay>
      <sendWeightedInput>true</sendWeightedInput>
    </org.simbrain.network.interfaces.Synapse>
    <org.simbrain.network.interfaces.Synapse>
      <parentNetwork class="org.simbrain.network.interfaces.RootNetwork" reference="../../.."/>
      <source reference="../../../neuronList/org.simbrain.network.interfaces.Neuron[2]"/>
      <target reference="../../../neuronList/org.simbrain.network.interfaces.Neuron[3]"/>
      <learningRule class="org.simbrain.network.synapses.ClampedSynapse">
        <clipped>false</clipped>
      </learningRule>
      <id>Synapse_6</id>
      <strength>2.0</strength>
      <increment>1.0</increment>
      <upperBound>10.0</upperBound>
      <lowerBound>-10.0</lowerBound>
      <delay>0</delay>
      <sendWeightedInput>true</sendWeightedInput>
    </org.simbrain.network.interfaces.Synapse>
  </synapseList>
  <networkList/>
  <groupList/>
  <timeStep defined-in="org.simbrain.network.interfaces.Network">0.2</timeStep>
  <roundOffActivationValues>false</roundOffActivationValues>
  <precision>0</precision>
  <updatePriority>0</updatePriority>
</org.simbrain.network.interfaces.RootNetwork>