<org.simbrain.world.odorworld.OdorWorld>
  <entityList>
    <org.simbrain.world.odorworld.entities.RotatingEntity>
      <animation>
        <imageNames>
          <string>rotating/mouse/Mouse_60.gif</string>
        </imageNames>
        <animTime>1</animTime>
        <totalDuration>4</totalDuration>
      </animation>
      <name>Agent_1</name>
      <id>Entity_9</id>
      <x>198.93283</x>
      <y>168.30908</y>
      <dx>0.0</dx>
      <dy>0.0</dy>
      <parentWorld reference="../../.."/>
      <sensors>
        <org.simbrain.world.odorworld.sensors.SmellSensor>
          <parent class="org.simbrain.world.odorworld.entities.RotatingEntity" reference="../../.."/>
          <id>Sensor_1</id>
          <label>Smell-Left</label>
          <DEFAULT__RADIUS>23.0</DEFAULT__RADIUS>
          <theta>0.39269908169872414</theta>
          <radius>50.0</radius>
          <currentValue>
            <double>9.801986733067553</double>
            <double>0.0</double>
            <double>0.0</double>
            <double>68.61390713147287</double>
            <double>0.0</double>
            <double>0.0</double>
            <double>0.0</double>
            <double>0.0</double>
          </currentValue>
        </org.simbrain.world.odorworld.sensors.SmellSensor>
        <org.simbrain.world.odorworld.sensors.SmellSensor>
          <parent class="org.simbrain.world.odorworld.entities.RotatingEntity" reference="../../.."/>
          <id>Sensor_2</id>
          <label>Smell-Center</label>
          <DEFAULT__RADIUS>23.0</DEFAULT__RADIUS>
          <theta>0.0</theta>
          <radius>0.0</radius>
          <currentValue>
            <double>9.893020786178461</double>
            <double>0.0</double>
            <double>0.0</double>
            <double>69.25114550324922</double>
            <double>0.0</double>
            <double>0.0</double>
            <double>0.0</double>
            <double>0.0</double>
          </currentValue>
        </org.simbrain.world.odorworld.sensors.SmellSensor>
        <org.simbrain.world.odorworld.sensors.SmellSensor>
          <parent class="org.simbrain.world.odorworld.entities.RotatingEntity" reference="../../.."/>
          <id>Sensor_3</id>
          <label>Smell-Right</label>
          <DEFAULT__RADIUS>23.0</DEFAULT__RADIUS>
          <theta>-0.39269908169872414</theta>
          <radius>50.0</radius>
          <currentValue>
            <double>9.801986733067553</double>
            <double>0.0</double>
            <double>0.0</double>
            <double>68.61390713147287</double>
            <double>0.0</double>
            <double>0.0</double>
            <double>0.0</double>
            <double>0.0</double>
          </currentValue>
        </org.simbrain.world.odorworld.sensors.SmellSensor>
      </sensors>
      <effectors/>
      <behavior class="org.simbrain.world.odorworld.behaviors.StationaryBehavior"/>
      <collision>true</collision>
      <sensorsEnabled>true</sensorsEnabled>
      <effectorsEnabled>true</effectorsEnabled>
      <showSensors>true</showSensors>
      <sensorIDGenerator>
        <rootName>Sensor</rootName>
        <index>4</index>
      </sensorIDGenerator>
      <effectorIDGenerator>
        <rootName>Effector</rootName>
        <index>1</index>
      </effectorIDGenerator>
      <heading>58.04963400641039</heading>
      <manualMotionTurnIncrement>4.0</manualMotionTurnIncrement>
      <manualStraightMovementIncrement>4.0</manualStraightMovementIncrement>
      <entityType>Mouse</entityType>
    </org.simbrain.world.odorworld.entities.RotatingEntity>
    <org.simbrain.world.odorworld.entities.BasicEntity>
      <animation>
        <imageNames>
          <string>static/Swiss.gif</string>
        </imageNames>
        <animTime>0</animTime>
        <totalDuration>16</totalDuration>
      </animation>
      <name>Entity_119</name>
      <id>Entity_119</id>
      <x>215.0</x>
      <y>153.0</y>
      <dx>0.0</dx>
      <dy>0.0</dy>
      <parentWorld reference="../../.."/>
      <sensors/>
      <effectors/>
      <behavior class="org.simbrain.world.odorworld.behaviors.StationaryBehavior"/>
      <smellSource>
        <stimulusVector>
          <double>10.0</double>
          <double>0.0</double>
          <double>0.0</double>
          <double>70.0</double>
          <double>0.0</double>
          <double>0.0</double>
        </stimulusVector>
        <returnVector reference="../stimulusVector"/>
        <location>
          <double>76.0</double>
          <double>220.0</double>
        </location>
        <decayFunction>GAUSSIAN</decayFunction>
        <stimulusDispersion>300.0</stimulusDispersion>
        <peak>0.0</peak>
        <addNoise>false</addNoise>
        <initNoise>0.3</initNoise>
        <noiseLevel>0.3</noiseLevel>
      </smellSource>
      <collision>false</collision>
      <sensorsEnabled>true</sensorsEnabled>
      <effectorsEnabled>true</effectorsEnabled>
      <showSensors>true</showSensors>
      <sensorIDGenerator>
        <rootName>Sensor</rootName>
        <index>1</index>
      </sensorIDGenerator>
      <effectorIDGenerator>
        <rootName>Effector</rootName>
        <index>1</index>
      </effectorIDGenerator>
    </org.simbrain.world.odorworld.entities.BasicEntity>
  </entityList>
  <totalSmellVectorLength>70.71067811865476</totalSmellVectorLength>
  <wrapAround>true</wrapAround>
  <objectsBlockMovement>true</objectsBlockMovement>
  <height>385</height>
  <width>448</width>
  <entityIDGenerator>
    <rootName>Entity</rootName>
    <index>219</index>
  </entityIDGenerator>
  <agentNameGenerator>
    <rootName>Agent</rootName>
    <index>2</index>
  </agentNameGenerator>
</org.simbrain.world.odorworld.OdorWorld>