<org.simbrain.plot.scatterplot.ScatterPlotModel>
  <dataset serialization="custom">
    <org.jfree.data.general.AbstractDataset>
      <default>
        <group>
          <id>NOID</id>
        </group>
      </default>
    </org.jfree.data.general.AbstractDataset>
    <org.jfree.data.xy.XYSeriesCollection>
      <default>
        <data>
          <org.jfree.data.xy.XYSeries>
            <data>
              <org.jfree.data.xy.XYDataItem>
                <x class="double">1.0</x>
                <y class="double">-1.0</y>
              </org.jfree.data.xy.XYDataItem>
            </data>
            <maximumItemCount>2147483647</maximumItemCount>
            <autoSort>true</autoSort>
            <allowDuplicateXValues>true</allowDuplicateXValues>
            <minX>1.0</minX>
            <maxX>1.0</maxX>
            <minY>-1.0</minY>
            <maxY>-1.0</maxY>
            <key class="int">0</key>
            <listeners serialization="custom">
              <javax.swing.event.EventListenerList>
                <default/>
                <string>org.jfree.data.general.SeriesChangeListener</string>
                <org.jfree.data.xy.XYSeriesCollection reference="../../../../../../.."/>
                <null/>
              </javax.swing.event.EventListenerList>
            </listeners>
            <propertyChangeSupport serialization="custom">
              <java.beans.PropertyChangeSupport>
                <default>
                  <propertyChangeSupportSerializedDataVersion>2</propertyChangeSupportSerializedDataVersion>
                  <source class="org.jfree.data.xy.XYSeries" reference="../../../.."/>
                </default>
                <null/>
              </java.beans.PropertyChangeSupport>
            </propertyChangeSupport>
            <notify>true</notify>
          </org.jfree.data.xy.XYSeries>
        </data>
        <intervalDelegate>
          <dataset class="org.jfree.data.xy.XYSeriesCollection" reference="../../../.."/>
          <autoWidth>false</autoWidth>
          <intervalPositionFactor>0.5</intervalPositionFactor>
          <fixedIntervalWidth>1.0</fixedIntervalWidth>
          <autoIntervalWidth>Infinity</autoIntervalWidth>
        </intervalDelegate>
      </default>
    </org.jfree.data.xy.XYSeriesCollection>
  </dataset>
  <showHistory>false</showHistory>
  <autoDomain>false</autoDomain>
  <autoRange>false</autoRange>
  <upperRangeBoundary>5.0</upperRangeBoundary>
  <lowerRangeBoundary>-5.0</lowerRangeBoundary>
  <upperDomainBoundary>5.0</upperDomainBoundary>
  <lowerDomainBoundary>-5.0</lowerDomainBoundary>
  <dotSize>5</dotSize>
  <chartSeriesPaint class="linked-list">
    <awt-color>
      <red>255</red>
      <green>0</green>
      <blue>0</blue>
      <alpha>255</alpha>
    </awt-color>
    <awt-color>
      <red>0</red>
      <green>0</green>
      <blue>255</blue>
      <alpha>255</alpha>
    </awt-color>
    <awt-color>
      <red>0</red>
      <green>255</green>
      <blue>0</blue>
      <alpha>255</alpha>
    </awt-color>
    <awt-color>
      <red>255</red>
      <green>255</green>
      <blue>0</blue>
      <alpha>255</alpha>
    </awt-color>
    <awt-color>
      <red>255</red>
      <green>175</green>
      <blue>175</blue>
      <alpha>255</alpha>
    </awt-color>
  </chartSeriesPaint>
</org.simbrain.plot.scatterplot.ScatterPlotModel>