<org.simbrain.network.interfaces.RootNetwork>
  <time>4063.0</time>
  <timeStep>1.0</timeStep>
  <clampWeights>false</clampWeights>
  <clampNeurons>false</clampNeurons>
  <timeType>CONTINUOUS</timeType>
  <updateMethod class="org.simbrain.network.interfaces.RootNetwork$UpdateMethod">BUFFERED</updateMethod>
  <textList/>
  <prioritySortedNeuronList/>
  <priorityComparator>
    <outer-class reference="../.."/>
  </priorityComparator>
  <networkIdGenerator>
    <rootName>Network</rootName>
    <index>1</index>
  </networkIdGenerator>
  <neuronIdGenerator>
    <rootName>Neuron</rootName>
    <index>5</index>
  </neuronIdGenerator>
  <synapseIdGenerator>
    <rootName>Synapse</rootName>
    <index>4</index>
  </synapseIdGenerator>
  <groupIdGenerator>
    <rootName>Group</rootName>
    <index>1</index>
  </groupIdGenerator>
  <rootNetwork reference=".."/>
  <id>STDP.xml</id>
  <neuronList>
    <org.simbrain.network.interfaces.Neuron>
      <updateRule class="org.simbrain.network.neurons.IntegrateAndFireNeuron">
        <resistance>1.0</resistance>
        <timeConstant>1.0</timeConstant>
        <threshold>0.5</threshold>
        <resetPotential>0.1</resetPotential>
        <restingPotential>0.5</restingPotential>
        <noiseGenerator>
          <distributionIndex>0</distributionIndex>
          <upperBound>1.0</upperBound>
          <lowerBound>-1.0</lowerBound>
          <mean>0.5</mean>
          <standardDeviation>0.5</standardDeviation>
          <clipping>true</clipping>
          <randomGenerator serialization="custom">
            <java.util.Random>
              <default>
                <seed>103897904237471</seed>
                <nextNextGaussian>0.0</nextNextGaussian>
                <haveNextNextGaussian>false</haveNextNextGaussian>
              </default>
            </java.util.Random>
          </randomGenerator>
        </noiseGenerator>
        <addNoise>false</addNoise>
        <clipping>false</clipping>
        <parentNeuron reference="../.."/>
        <lastSpikeTime>4059.0</lastSpikeTime>
        <hasSpiked>false</hasSpiked>
      </updateRule>
      <id>Neuron_1</id>
      <label></label>
      <activation>0.5</activation>
      <lowerBound>-1.0</lowerBound>
      <upperBound>1.0</upperBound>
      <increment>0.1</increment>
      <buffer>0.5</buffer>
      <inputValue>0.0</inputValue>
      <parent class="org.simbrain.network.interfaces.RootNetwork" reference="../../.."/>
      <x>127.0</x>
      <y>70.31364221513827</y>
      <clamped>false</clamped>
      <targetValue>0.0</targetValue>
      <updatePriority>0</updatePriority>
    </org.simbrain.network.interfaces.Neuron>
    <org.simbrain.network.interfaces.Neuron>
      <updateRule class="org.simbrain.network.neurons.IntegrateAndFireNeuron">
        <resistance>1.0</resistance>
        <timeConstant>1.0</timeConstant>
        <threshold>0.5</threshold>
        <resetPotential>0.1</resetPotential>
        <restingPotential>0.5</restingPotential>
        <noiseGenerator>
          <distributionIndex>0</distributionIndex>
          <upperBound>1.0</upperBound>
          <lowerBound>-1.0</lowerBound>
          <mean>0.5</mean>
          <standardDeviation>0.5</standardDeviation>
          <clipping>true</clipping>
          <randomGenerator serialization="custom">
            <java.util.Random>
              <default>
                <seed>103846152226570</seed>
                <nextNextGaussian>0.0</nextNextGaussian>
                <haveNextNextGaussian>false</haveNextNextGaussian>
              </default>
            </java.util.Random>
          </randomGenerator>
        </noiseGenerator>
        <addNoise>false</addNoise>
        <clipping>false</clipping>
        <parentNeuron reference="../.."/>
        <lastSpikeTime>4062.0</lastSpikeTime>
        <hasSpiked>false</hasSpiked>
      </updateRule>
      <id>Neuron_2</id>
      <label></label>
      <activation>0.5</activation>
      <lowerBound>-1.0</lowerBound>
      <upperBound>1.0</upperBound>
      <increment>0.1</increment>
      <buffer>0.5</buffer>
      <inputValue>0.0</inputValue>
      <parent class="org.simbrain.network.interfaces.RootNetwork" reference="../../.."/>
      <x>195.09338411590704</x>
      <y>70.30734726513278</y>
      <clamped>false</clamped>
      <targetValue>0.0</targetValue>
      <updatePriority>0</updatePriority>
    </org.simbrain.network.interfaces.Neuron>
    <org.simbrain.network.interfaces.Neuron>
      <updateRule class="org.simbrain.network.neurons.LinearNeuron">
        <slope>1.0</slope>
        <bias>0.0</bias>
        <noiseGenerator>
          <distributionIndex>0</distributionIndex>
          <upperBound>1.0</upperBound>
          <lowerBound>-1.0</lowerBound>
          <mean>0.5</mean>
          <standardDeviation>0.5</standardDeviation>
          <clipping>true</clipping>
          <randomGenerator serialization="custom">
            <java.util.Random>
              <default>
                <seed>69141003806235</seed>
                <nextNextGaussian>0.0</nextNextGaussian>
                <haveNextNextGaussian>false</haveNextNextGaussian>
              </default>
            </java.util.Random>
          </randomGenerator>
        </noiseGenerator>
        <addNoise>false</addNoise>
        <clipping>true</clipping>
      </updateRule>
      <id>Neuron_3</id>
      <label></label>
      <activation>0.0</activation>
      <lowerBound>-1.0</lowerBound>
      <upperBound>10.0</upperBound>
      <increment>10.0</increment>
      <buffer>0.0</buffer>
      <inputValue>0.0</inputValue>
      <parent class="org.simbrain.network.interfaces.RootNetwork" reference="../../.."/>
      <x>127.14914140403835</x>
      <y>130.55964609887388</y>
      <clamped>false</clamped>
      <targetValue>0.0</targetValue>
      <updatePriority>0</updatePriority>
    </org.simbrain.network.interfaces.Neuron>
    <org.simbrain.network.interfaces.Neuron>
      <updateRule class="org.simbrain.network.neurons.LinearNeuron">
        <slope>1.0</slope>
        <bias>0.0</bias>
        <noiseGenerator>
          <distributionIndex>0</distributionIndex>
          <upperBound>1.0</upperBound>
          <lowerBound>-1.0</lowerBound>
          <mean>0.5</mean>
          <standardDeviation>0.5</standardDeviation>
          <clipping>true</clipping>
          <randomGenerator serialization="custom">
            <java.util.Random>
              <default>
                <seed>69141004175472</seed>
                <nextNextGaussian>0.0</nextNextGaussian>
                <haveNextNextGaussian>false</haveNextNextGaussian>
              </default>
            </java.util.Random>
          </randomGenerator>
        </noiseGenerator>
        <addNoise>false</addNoise>
        <clipping>true</clipping>
      </updateRule>
      <id>Neuron_4</id>
      <label></label>
      <activation>0.0</activation>
      <lowerBound>-1.0</lowerBound>
      <upperBound>10.0</upperBound>
      <increment>10.0</increment>
      <buffer>0.0</buffer>
      <inputValue>0.0</inputValue>
      <parent class="org.simbrain.network.interfaces.RootNetwork" reference="../../.."/>
      <x>196.88887658781073</x>
      <y>132.20939662834377</y>
      <clamped>false</clamped>
      <targetValue>0.0</targetValue>
      <updatePriority>0</updatePriority>
    </org.simbrain.network.interfaces.Neuron>
  </neuronList>
  <synapseList>
    <org.simbrain.network.interfaces.Synapse>
      <parentNetwork class="org.simbrain.network.interfaces.RootNetwork" reference="../../.."/>
      <source reference="../../../neuronList/org.simbrain.network.interfaces.Neuron[3]"/>
      <target reference="../../../neuronList/org.simbrain.network.interfaces.Neuron"/>
      <learningRule class="org.simbrain.network.synapses.ClampedSynapse">
        <clipped>false</clipped>
      </learningRule>
      <id>Synapse_1</id>
      <strength>10.0</strength>
      <increment>1.0</increment>
      <upperBound>50.0</upperBound>
      <lowerBound>-10.0</lowerBound>
      <delay>0</delay>
      <sendWeightedInput>true</sendWeightedInput>
    </org.simbrain.network.interfaces.Synapse>
    <org.simbrain.network.interfaces.Synapse>
      <parentNetwork class="org.simbrain.network.interfaces.RootNetwork" reference="../../.."/>
      <source reference="../../../neuronList/org.simbrain.network.interfaces.Neuron[4]"/>
      <target reference="../../../neuronList/org.simbrain.network.interfaces.Neuron[2]"/>
      <learningRule class="org.simbrain.network.synapses.ClampedSynapse">
        <clipped>false</clipped>
      </learningRule>
      <id>Synapse_2</id>
      <strength>10.0</strength>
      <increment>1.0</increment>
      <upperBound>50.0</upperBound>
      <lowerBound>-10.0</lowerBound>
      <delay>0</delay>
      <sendWeightedInput>true</sendWeightedInput>
    </org.simbrain.network.interfaces.Synapse>
    <org.simbrain.network.interfaces.Synapse>
      <parentNetwork class="org.simbrain.network.interfaces.RootNetwork" reference="../../.."/>
      <source reference="../../../neuronList/org.simbrain.network.interfaces.Neuron"/>
      <target reference="../../../neuronList/org.simbrain.network.interfaces.Neuron[2]"/>
      <learningRule class="org.simbrain.network.synapses.STDPSynapse">
        <tau__plus>10.0</tau__plus>
        <tau__minus>10.0</tau__minus>
        <W__plus>100.0</W__plus>
        <W__minus>100.0</W__minus>
        <learningRate>0.01</learningRate>
      </learningRule>
      <spikeResponder class="org.simbrain.network.synapses.spikeresponders.Step">
        <timer>0.0</timer>
        <responseHeight>0.0</responseHeight>
        <responseTime>1.0</responseTime>
        <value>0.0</value>
        <parent reference="../.."/>
      </spikeResponder>
      <id>Synapse_3</id>
      <strength>4.376001638971515</strength>
      <increment>1.0</increment>
      <upperBound>40.0</upperBound>
      <lowerBound>-40.0</lowerBound>
      <delay>0</delay>
      <sendWeightedInput>true</sendWeightedInput>
    </org.simbrain.network.interfaces.Synapse>
  </synapseList>
  <networkList/>
  <groupList/>
  <timeStep defined-in="org.simbrain.network.interfaces.Network">0.2</timeStep>
  <roundOffActivationValues>false</roundOffActivationValues>
  <precision>0</precision>
  <updatePriority>0</updatePriority>
</org.simbrain.network.interfaces.RootNetwork>