<org.simbrain.world.textworld.ReaderWorld>
  <parseStyle>CHARACTER</parseStyle>
  <delimeter>\s</delimeter>
  <pattern>
    <pattern>\s</pattern>
    <flags>0</flags>
  </pattern>
  <matcher>
    <parentPattern reference="../../pattern"/>
    <groups>
      <int>-1</int>
      <int>-1</int>
      <int>-1</int>
      <int>-1</int>
      <int>-1</int>
      <int>-1</int>
      <int>-1</int>
      <int>-1</int>
      <int>-1</int>
      <int>-1</int>
      <int>-1</int>
      <int>-1</int>
      <int>-1</int>
      <int>-1</int>
      <int>-1</int>
      <int>-1</int>
      <int>-1</int>
      <int>-1</int>
      <int>-1</int>
      <int>-1</int>
    </groups>
    <from>309</from>
    <to>495</to>
    <lookbehindTo>0</lookbehindTo>
    <text class="string">The workspace is built around a model view architecture, to abstract graphical display from underlying logic.  The primary model object is a workspace (org.simbrain.workspace.Workspace), which manages all component interactions.   The workspace has a list of WorkspaceComponents  (org.simbrain.workspace.Component).  WorkspaceComponent is an abstract class which all Simbrain components extend.  The workspace can be used in scripts and as an API, independently of any graphical representation.
</text>
    <acceptMode>0</acceptMode>
    <first>-1</first>
    <last>0</last>
    <oldLast>-1</oldLast>
    <lastAppendPosition>0</lastAppendPosition>
    <locals/>
    <hitEnd>false</hitEnd>
    <requireEnd>false</requireEnd>
    <transparentBounds>false</transparentBounds>
    <anchoringBounds>true</anchoringBounds>
  </matcher>
  <positionAfterLastDelimeter>309</positionAfterLastDelimeter>
  <matcherInValidState>false</matcherInValidState>
  <text>The workspace is built around a model view architecture, to abstract graphical display from underlying logic.  The primary model object is a workspace (org.simbrain.workspace.Workspace), which manages all component interactions.   The workspace has a list of WorkspaceComponents  (org.simbrain.workspace.Component).  WorkspaceComponent is an abstract class which all Simbrain components extend.  The workspace can be used in scripts and as an API, independently of any graphical representation.
</text>
  <currentItem>
    <beginPosition>308</beginPosition>
    <endPosition>309</endPosition>
    <text>o</text>
    <outer-class class="org.simbrain.world.textworld.ReaderWorld" reference="../.."/>
  </currentItem>
  <position>309</position>
  <lastPosition>309</lastPosition>
  <dictionary class="tree-set">
    <no-comparator/>
  </dictionary>
  <highlightColor>
    <red>128</red>
    <green>128</green>
    <blue>128</blue>
    <alpha>255</alpha>
  </highlightColor>
</org.simbrain.world.textworld.ReaderWorld>