<Workspace>
  <archivedComponents>
    <Component>
      <className>org.simbrain.network.NetworkComponent</className>
      <name>Attractor Network</name>
      <uri>components/0_Attractor_Network.xml</uri>
      <id>0</id>
      <format>xml</format>
      <desktopComponent>
        <className>org.simbrain.network.desktop.NetworkDesktopComponent</className>
        <uri>guis/0_Attractor_Network.xml</uri>
        <format>xml</format>
      </desktopComponent>
    </Component>
    <Component>
      <className>org.simbrain.plot.projection.ProjectionComponent</className>
      <name>Projection of Attractor Network</name>
      <uri>components/1_Projection_of_Attractor_Network.xml</uri>
      <id>1</id>
      <format>xml</format>
      <desktopComponent>
        <className>org.simbrain.plot.projection.ProjectionGui</className>
        <uri>guis/1_Projection_of_Attractor_Network.xml</uri>
        <format>xml</format>
      </desktopComponent>
    </Component>
  </archivedComponents>
  <archivedCouplings>
    <Coupling>
      <archivedProducer>
        <parentComponentRef>components/0_Attractor_Network.xml</parentComponentRef>
        <baseObjectKey>Neuron_1</baseObjectKey>
        <methodBaseName>getActivation</methodBaseName>
        <dataType>double</dataType>
        <description>Neuron 1</description>
      </archivedProducer>
      <archivedConsumer>
        <parentComponentRef>components/1_Projection_of_Attractor_Network.xml</parentComponentRef>
        <baseObjectKey>0</baseObjectKey>
        <methodBaseName>setValue</methodBaseName>
        <dataType>double</dataType>
        <argumentDataTypes>
          <java-class>double</java-class>
        </argumentDataTypes>
        <description>Dimension 1</description>
      </archivedConsumer>
    </Coupling>
    <Coupling>
      <archivedProducer>
        <parentComponentRef>components/0_Attractor_Network.xml</parentComponentRef>
        <baseObjectKey>Neuron_2</baseObjectKey>
        <methodBaseName>getActivation</methodBaseName>
        <dataType>double</dataType>
        <description>Neuron 2</description>
      </archivedProducer>
      <archivedConsumer>
        <parentComponentRef>components/1_Projection_of_Attractor_Network.xml</parentComponentRef>
        <baseObjectKey>1</baseObjectKey>
        <methodBaseName>setValue</methodBaseName>
        <dataType>double</dataType>
        <argumentDataTypes>
          <java-class>double</java-class>
        </argumentDataTypes>
        <description>Dimension 2</description>
      </archivedConsumer>
    </Coupling>
    <Coupling>
      <archivedProducer>
        <parentComponentRef>components/0_Attractor_Network.xml</parentComponentRef>
        <baseObjectKey>Neuron_3</baseObjectKey>
        <methodBaseName>getActivation</methodBaseName>
        <dataType>double</dataType>
        <description>Neuron 3</description>
      </archivedProducer>
      <archivedConsumer>
        <parentComponentRef>components/1_Projection_of_Attractor_Network.xml</parentComponentRef>
        <baseObjectKey>2</baseObjectKey>
        <methodBaseName>setValue</methodBaseName>
        <dataType>double</dataType>
        <argumentDataTypes>
          <java-class>double</java-class>
        </argumentDataTypes>
        <description>Dimension 3</description>
      </archivedConsumer>
    </Coupling>
    <Coupling>
      <archivedProducer>
        <parentComponentRef>components/0_Attractor_Network.xml</parentComponentRef>
        <baseObjectKey>Neuron_4</baseObjectKey>
        <methodBaseName>getActivation</methodBaseName>
        <dataType>double</dataType>
        <description>Neuron 4</description>
      </archivedProducer>
      <archivedConsumer>
        <parentComponentRef>components/1_Projection_of_Attractor_Network.xml</parentComponentRef>
        <baseObjectKey>3</baseObjectKey>
        <methodBaseName>setValue</methodBaseName>
        <dataType>double</dataType>
        <argumentDataTypes>
          <java-class>double</java-class>
        </argumentDataTypes>
        <description>Dimension 4</description>
      </archivedConsumer>
    </Coupling>
    <Coupling>
      <archivedProducer>
        <parentComponentRef>components/0_Attractor_Network.xml</parentComponentRef>
        <baseObjectKey>Neuron_5</baseObjectKey>
        <methodBaseName>getActivation</methodBaseName>
        <dataType>double</dataType>
        <description>Neuron 5</description>
      </archivedProducer>
      <archivedConsumer>
        <parentComponentRef>components/1_Projection_of_Attractor_Network.xml</parentComponentRef>
        <baseObjectKey>4</baseObjectKey>
        <methodBaseName>setValue</methodBaseName>
        <dataType>double</dataType>
        <argumentDataTypes>
          <java-class>double</java-class>
        </argumentDataTypes>
        <description>Dimension 5</description>
      </archivedConsumer>
    </Coupling>
    <Coupling>
      <archivedProducer>
        <parentComponentRef>components/0_Attractor_Network.xml</parentComponentRef>
        <baseObjectKey>Neuron_6</baseObjectKey>
        <methodBaseName>getActivation</methodBaseName>
        <dataType>double</dataType>
        <description>Neuron 6</description>
      </archivedProducer>
      <archivedConsumer>
        <parentComponentRef>components/1_Projection_of_Attractor_Network.xml</parentComponentRef>
        <baseObjectKey>5</baseObjectKey>
        <methodBaseName>setValue</methodBaseName>
        <dataType>double</dataType>
        <argumentDataTypes>
          <java-class>double</java-class>
        </argumentDataTypes>
        <description>Dimension 6</description>
      </archivedConsumer>
    </Coupling>
    <Coupling>
      <archivedProducer>
        <parentComponentRef>components/0_Attractor_Network.xml</parentComponentRef>
        <baseObjectKey>Neuron_7</baseObjectKey>
        <methodBaseName>getActivation</methodBaseName>
        <dataType>double</dataType>
        <description>Neuron 7</description>
      </archivedProducer>
      <archivedConsumer>
        <parentComponentRef>components/1_Projection_of_Attractor_Network.xml</parentComponentRef>
        <baseObjectKey>6</baseObjectKey>
        <methodBaseName>setValue</methodBaseName>
        <dataType>double</dataType>
        <argumentDataTypes>
          <java-class>double</java-class>
        </argumentDataTypes>
        <description>Dimension 7</description>
      </archivedConsumer>
    </Coupling>
    <Coupling>
      <archivedProducer>
        <parentComponentRef>components/0_Attractor_Network.xml</parentComponentRef>
        <baseObjectKey>Neuron_8</baseObjectKey>
        <methodBaseName>getActivation</methodBaseName>
        <dataType>double</dataType>
        <description>Neuron 8</description>
      </archivedProducer>
      <archivedConsumer>
        <parentComponentRef>components/1_Projection_of_Attractor_Network.xml</parentComponentRef>
        <baseObjectKey>7</baseObjectKey>
        <methodBaseName>setValue</methodBaseName>
        <dataType>double</dataType>
        <argumentDataTypes>
          <java-class>double</java-class>
        </argumentDataTypes>
        <description>Dimension 8</description>
      </archivedConsumer>
    </Coupling>
    <Coupling>
      <archivedProducer>
        <parentComponentRef>components/0_Attractor_Network.xml</parentComponentRef>
        <baseObjectKey>Neuron_9</baseObjectKey>
        <methodBaseName>getActivation</methodBaseName>
        <dataType>double</dataType>
        <description>Neuron 9</description>
      </archivedProducer>
      <archivedConsumer>
        <parentComponentRef>components/1_Projection_of_Attractor_Network.xml</parentComponentRef>
        <baseObjectKey>8</baseObjectKey>
        <methodBaseName>setValue</methodBaseName>
        <dataType>double</dataType>
        <argumentDataTypes>
          <java-class>double</java-class>
        </argumentDataTypes>
        <description>Dimension 9</description>
      </archivedConsumer>
    </Coupling>
    <Coupling>
      <archivedProducer>
        <parentComponentRef>components/0_Attractor_Network.xml</parentComponentRef>
        <baseObjectKey>Neuron_10</baseObjectKey>
        <methodBaseName>getActivation</methodBaseName>
        <dataType>double</dataType>
        <description>Neuron 10</description>
      </archivedProducer>
      <archivedConsumer>
        <parentComponentRef>components/1_Projection_of_Attractor_Network.xml</parentComponentRef>
        <baseObjectKey>9</baseObjectKey>
        <methodBaseName>setValue</methodBaseName>
        <dataType>double</dataType>
        <argumentDataTypes>
          <java-class>double</java-class>
        </argumentDataTypes>
        <description>Dimension 10</description>
      </archivedConsumer>
    </Coupling>
    <Coupling>
      <archivedProducer>
        <parentComponentRef>components/0_Attractor_Network.xml</parentComponentRef>
        <baseObjectKey>Neuron_11</baseObjectKey>
        <methodBaseName>getActivation</methodBaseName>
        <dataType>double</dataType>
        <description>Neuron 11</description>
      </archivedProducer>
      <archivedConsumer>
        <parentComponentRef>components/1_Projection_of_Attractor_Network.xml</parentComponentRef>
        <baseObjectKey>10</baseObjectKey>
        <methodBaseName>setValue</methodBaseName>
        <dataType>double</dataType>
        <argumentDataTypes>
          <java-class>double</java-class>
        </argumentDataTypes>
        <description>Dimension 11</description>
      </archivedConsumer>
    </Coupling>
    <Coupling>
      <archivedProducer>
        <parentComponentRef>components/0_Attractor_Network.xml</parentComponentRef>
        <baseObjectKey>Neuron_12</baseObjectKey>
        <methodBaseName>getActivation</methodBaseName>
        <dataType>double</dataType>
        <description>Neuron 12</description>
      </archivedProducer>
      <archivedConsumer>
        <parentComponentRef>components/1_Projection_of_Attractor_Network.xml</parentComponentRef>
        <baseObjectKey>11</baseObjectKey>
        <methodBaseName>setValue</methodBaseName>
        <dataType>double</dataType>
        <argumentDataTypes>
          <java-class>double</java-class>
        </argumentDataTypes>
        <description>Dimension 12</description>
      </archivedConsumer>
    </Coupling>
    <Coupling>
      <archivedProducer>
        <parentComponentRef>components/0_Attractor_Network.xml</parentComponentRef>
        <baseObjectKey>Neuron_13</baseObjectKey>
        <methodBaseName>getActivation</methodBaseName>
        <dataType>double</dataType>
        <description>Neuron 13</description>
      </archivedProducer>
      <archivedConsumer>
        <parentComponentRef>components/1_Projection_of_Attractor_Network.xml</parentComponentRef>
        <baseObjectKey>12</baseObjectKey>
        <methodBaseName>setValue</methodBaseName>
        <dataType>double</dataType>
        <argumentDataTypes>
          <java-class>double</java-class>
        </argumentDataTypes>
        <description>Dimension 13</description>
      </archivedConsumer>
    </Coupling>
    <Coupling>
      <archivedProducer>
        <parentComponentRef>components/0_Attractor_Network.xml</parentComponentRef>
        <baseObjectKey>Neuron_14</baseObjectKey>
        <methodBaseName>getActivation</methodBaseName>
        <dataType>double</dataType>
        <description>Neuron 14</description>
      </archivedProducer>
      <archivedConsumer>
        <parentComponentRef>components/1_Projection_of_Attractor_Network.xml</parentComponentRef>
        <baseObjectKey>13</baseObjectKey>
        <methodBaseName>setValue</methodBaseName>
        <dataType>double</dataType>
        <argumentDataTypes>
          <java-class>double</java-class>
        </argumentDataTypes>
        <description>Dimension 14</description>
      </archivedConsumer>
    </Coupling>
    <Coupling>
      <archivedProducer>
        <parentComponentRef>components/0_Attractor_Network.xml</parentComponentRef>
        <baseObjectKey>Neuron_15</baseObjectKey>
        <methodBaseName>getActivation</methodBaseName>
        <dataType>double</dataType>
        <description>Neuron 15</description>
      </archivedProducer>
      <archivedConsumer>
        <parentComponentRef>components/1_Projection_of_Attractor_Network.xml</parentComponentRef>
        <baseObjectKey>14</baseObjectKey>
        <methodBaseName>setValue</methodBaseName>
        <dataType>double</dataType>
        <argumentDataTypes>
          <java-class>double</java-class>
        </argumentDataTypes>
        <description>Dimension 15</description>
      </archivedConsumer>
    </Coupling>
    <Coupling>
      <archivedProducer>
        <parentComponentRef>components/0_Attractor_Network.xml</parentComponentRef>
        <baseObjectKey>Neuron_16</baseObjectKey>
        <methodBaseName>getActivation</methodBaseName>
        <dataType>double</dataType>
        <description>Neuron 16</description>
      </archivedProducer>
      <archivedConsumer>
        <parentComponentRef>components/1_Projection_of_Attractor_Network.xml</parentComponentRef>
        <baseObjectKey>15</baseObjectKey>
        <methodBaseName>setValue</methodBaseName>
        <dataType>double</dataType>
        <argumentDataTypes>
          <java-class>double</java-class>
        </argumentDataTypes>
        <description>Dimension 16</description>
      </archivedConsumer>
    </Coupling>
    <Coupling>
      <archivedProducer>
        <parentComponentRef>components/0_Attractor_Network.xml</parentComponentRef>
        <baseObjectKey>Neuron_17</baseObjectKey>
        <methodBaseName>getActivation</methodBaseName>
        <dataType>double</dataType>
        <description>Neuron 17</description>
      </archivedProducer>
      <archivedConsumer>
        <parentComponentRef>components/1_Projection_of_Attractor_Network.xml</parentComponentRef>
        <baseObjectKey>16</baseObjectKey>
        <methodBaseName>setValue</methodBaseName>
        <dataType>double</dataType>
        <argumentDataTypes>
          <java-class>double</java-class>
        </argumentDataTypes>
        <description>Dimension 17</description>
      </archivedConsumer>
    </Coupling>
    <Coupling>
      <archivedProducer>
        <parentComponentRef>components/0_Attractor_Network.xml</parentComponentRef>
        <baseObjectKey>Neuron_18</baseObjectKey>
        <methodBaseName>getActivation</methodBaseName>
        <dataType>double</dataType>
        <description>Neuron 18</description>
      </archivedProducer>
      <archivedConsumer>
        <parentComponentRef>components/1_Projection_of_Attractor_Network.xml</parentComponentRef>
        <baseObjectKey>17</baseObjectKey>
        <methodBaseName>setValue</methodBaseName>
        <dataType>double</dataType>
        <argumentDataTypes>
          <java-class>double</java-class>
        </argumentDataTypes>
        <description>Dimension 18</description>
      </archivedConsumer>
    </Coupling>
    <Coupling>
      <archivedProducer>
        <parentComponentRef>components/0_Attractor_Network.xml</parentComponentRef>
        <baseObjectKey>Neuron_19</baseObjectKey>
        <methodBaseName>getActivation</methodBaseName>
        <dataType>double</dataType>
        <description>Neuron 19</description>
      </archivedProducer>
      <archivedConsumer>
        <parentComponentRef>components/1_Projection_of_Attractor_Network.xml</parentComponentRef>
        <baseObjectKey>18</baseObjectKey>
        <methodBaseName>setValue</methodBaseName>
        <dataType>double</dataType>
        <argumentDataTypes>
          <java-class>double</java-class>
        </argumentDataTypes>
        <description>Dimension 19</description>
      </archivedConsumer>
    </Coupling>
    <Coupling>
      <archivedProducer>
        <parentComponentRef>components/0_Attractor_Network.xml</parentComponentRef>
        <baseObjectKey>Neuron_20</baseObjectKey>
        <methodBaseName>getActivation</methodBaseName>
        <dataType>double</dataType>
        <description>Neuron 20</description>
      </archivedProducer>
      <archivedConsumer>
        <parentComponentRef>components/1_Projection_of_Attractor_Network.xml</parentComponentRef>
        <baseObjectKey>19</baseObjectKey>
        <methodBaseName>setValue</methodBaseName>
        <dataType>double</dataType>
        <argumentDataTypes>
          <java-class>double</java-class>
        </argumentDataTypes>
        <description>Dimension 20</description>
      </archivedConsumer>
    </Coupling>
    <Coupling>
      <archivedProducer>
        <parentComponentRef>components/0_Attractor_Network.xml</parentComponentRef>
        <baseObjectKey>Neuron_21</baseObjectKey>
        <methodBaseName>getActivation</methodBaseName>
        <dataType>double</dataType>
        <description>Neuron 21</description>
      </archivedProducer>
      <archivedConsumer>
        <parentComponentRef>components/1_Projection_of_Attractor_Network.xml</parentComponentRef>
        <baseObjectKey>20</baseObjectKey>
        <methodBaseName>setValue</methodBaseName>
        <dataType>double</dataType>
        <argumentDataTypes>
          <java-class>double</java-class>
        </argumentDataTypes>
        <description>Dimension 21</description>
      </archivedConsumer>
    </Coupling>
    <Coupling>
      <archivedProducer>
        <parentComponentRef>components/0_Attractor_Network.xml</parentComponentRef>
        <baseObjectKey>Neuron_22</baseObjectKey>
        <methodBaseName>getActivation</methodBaseName>
        <dataType>double</dataType>
        <description>Neuron 22</description>
      </archivedProducer>
      <archivedConsumer>
        <parentComponentRef>components/1_Projection_of_Attractor_Network.xml</parentComponentRef>
        <baseObjectKey>21</baseObjectKey>
        <methodBaseName>setValue</methodBaseName>
        <dataType>double</dataType>
        <argumentDataTypes>
          <java-class>double</java-class>
        </argumentDataTypes>
        <description>Dimension 22</description>
      </archivedConsumer>
    </Coupling>
    <Coupling>
      <archivedProducer>
        <parentComponentRef>components/0_Attractor_Network.xml</parentComponentRef>
        <baseObjectKey>Neuron_23</baseObjectKey>
        <methodBaseName>getActivation</methodBaseName>
        <dataType>double</dataType>
        <description>Neuron 23</description>
      </archivedProducer>
      <archivedConsumer>
        <parentComponentRef>components/1_Projection_of_Attractor_Network.xml</parentComponentRef>
        <baseObjectKey>22</baseObjectKey>
        <methodBaseName>setValue</methodBaseName>
        <dataType>double</dataType>
        <argumentDataTypes>
          <java-class>double</java-class>
        </argumentDataTypes>
        <description>Dimension 23</description>
      </archivedConsumer>
    </Coupling>
    <Coupling>
      <archivedProducer>
        <parentComponentRef>components/0_Attractor_Network.xml</parentComponentRef>
        <baseObjectKey>Neuron_24</baseObjectKey>
        <methodBaseName>getActivation</methodBaseName>
        <dataType>double</dataType>
        <description>Neuron 24</description>
      </archivedProducer>
      <archivedConsumer>
        <parentComponentRef>components/1_Projection_of_Attractor_Network.xml</parentComponentRef>
        <baseObjectKey>23</baseObjectKey>
        <methodBaseName>setValue</methodBaseName>
        <dataType>double</dataType>
        <argumentDataTypes>
          <java-class>double</java-class>
        </argumentDataTypes>
        <description>Dimension 24</description>
      </archivedConsumer>
    </Coupling>
    <Coupling>
      <archivedProducer>
        <parentComponentRef>components/0_Attractor_Network.xml</parentComponentRef>
        <baseObjectKey>Neuron_25</baseObjectKey>
        <methodBaseName>getActivation</methodBaseName>
        <dataType>double</dataType>
        <description>Neuron 25</description>
      </archivedProducer>
      <archivedConsumer>
        <parentComponentRef>components/1_Projection_of_Attractor_Network.xml</parentComponentRef>
        <baseObjectKey>24</baseObjectKey>
        <methodBaseName>setValue</methodBaseName>
        <dataType>double</dataType>
        <argumentDataTypes>
          <java-class>double</java-class>
        </argumentDataTypes>
        <description>Dimension 25</description>
      </archivedConsumer>
    </Coupling>
  </archivedCouplings>
  <workspaceParameters>
    <updateDelay>0</updateDelay>
  </workspaceParameters>
</Workspace>